-- -----------------------------------------------------
-- Schema gopher
-- -----------------------------------------------------
DROP DATABASE gopher;
CREATE DATABASE IF NOT EXISTS `gopher`;
USE `gopher`;

-- -----------------------------------------------------
-- Table `gopher`.`user_types`
-- -----------------------------------------------------
CREATE TABLE IF NOT EXISTS `user_types` (
  `id` INT UNSIGNED NOT NULL AUTO_INCREMENT,
  `name` VARCHAR(45) NOT NULL,
  PRIMARY KEY (`id`)
);



-- -----------------------------------------------------
-- Table `gopher`.`users`
-- -----------------------------------------------------
CREATE TABLE IF NOT EXISTS `users` (
  `id` INT UNSIGNED NOT NULL AUTO_INCREMENT,
  `username` VARCHAR(75) NOT NULL,
  `nameFirst` VARCHAR(50) NULL,
  `nameLast` VARCHAR(75) NULL,
  `email` VARCHAR(75) NOT NULL,
  `phoneHome` VARCHAR(20) NULL,
  `phoneWork` VARCHAR(20) NULL,
  `phoneMobile` VARCHAR(20) NULL,
  `password` CHAR(128) NULL,
  `salt` CHAR(32) NULL,
  `joinDate` TIMESTAMP NOT NULL DEFAULT CURRENT_TIMESTAMP,
  `userTypeId` INT UNSIGNED NOT NULL,
  PRIMARY KEY (`id`),
  FOREIGN KEY (`userTypeId`)
    REFERENCES `user_types` (`id`)
);


-- -----------------------------------------------------
-- Table `gopher`.`address_types`
-- -----------------------------------------------------
CREATE TABLE IF NOT EXISTS `address_types` (
  `id` INT UNSIGNED NOT NULL AUTO_INCREMENT,
  `name` VARCHAR(45) NOT NULL,
  PRIMARY KEY (`id`)
);


-- -----------------------------------------------------
-- Table `gopher`.`addresses`
-- -----------------------------------------------------

CREATE TABLE IF NOT EXISTS `addresses` (
  `id` INT UNSIGNED NOT NULL AUTO_INCREMENT,
  `addressLine1` VARCHAR(75) NULL,
  `addressLine2` VARCHAR(75) NULL,
  `city` VARCHAR(75) NULL,
  `province` VARCHAR(75) NULL,
  `country` VARCHAR(75) NULL,
  `zip` VARCHAR(10) NULL,
  `userId` INT UNSIGNED NOT NULL,
  `addressTypeId` INT UNSIGNED NOT NULL,
  PRIMARY KEY (`id`),
  FOREIGN KEY (`userId`)
    REFERENCES `users` (`id`),
  FOREIGN KEY (`addressTypeId`)
    REFERENCES `address_types` (`id`)
);


-- -----------------------------------------------------
-- Table `gopher`.`rewards`
-- -----------------------------------------------------

CREATE TABLE IF NOT EXISTS `rewards` (
  `id` INT UNSIGNED NOT NULL AUTO_INCREMENT,
  `name` VARCHAR(50) NOT NULL,
  `description` VARCHAR(150) NULL,
  `rewardValue` INT NULL,
  PRIMARY KEY (`id`)
);


-- -----------------------------------------------------
-- Table `gopher`.`status_types`
-- -----------------------------------------------------

CREATE TABLE IF NOT EXISTS `status_types` (
  `id` INT UNSIGNED NOT NULL AUTO_INCREMENT,
  `name` VARCHAR(50) NOT NULL,
  PRIMARY KEY (`id`)
);



-- -----------------------------------------------------
-- Table `gopher`.`importance_types`
-- -----------------------------------------------------

CREATE TABLE IF NOT EXISTS `importance_types` (
  `id` INT UNSIGNED NOT NULL AUTO_INCREMENT,
  `name` VARCHAR(45) NOT NULL,
  PRIMARY KEY (`id`)
);

-- -----------------------------------------------------
-- Table `gopher`.`errands`
-- -----------------------------------------------------

CREATE TABLE IF NOT EXISTS `errands` (
  `id` INT UNSIGNED NOT NULL AUTO_INCREMENT,
  `name` VARCHAR(100),
  `description` VARCHAR(250),
  `creationDate` TIMESTAMP NOT NULL DEFAULT CURRENT_TIMESTAMP,
  `completionDate` TIMESTAMP NULL,
  `deadline` TIMESTAMP NULL,
  `rewardId` INT UNSIGNED NOT NULL,
  `statusTypeId` INT UNSIGNED NOT NULL,
  `importanceTypeId` INT UNSIGNED NOT NULL,
  `userIdCustomer` INT UNSIGNED NOT NULL,
  `userIdGopher` INT UNSIGNED NULL,
  PRIMARY KEY (`id`),
  FOREIGN KEY (`rewardId`)
    REFERENCES `rewards` (`id`),
  FOREIGN KEY (`statusTypeId`)
    REFERENCES `status_types` (`id`),
  FOREIGN KEY (`importanceTypeId`)
    REFERENCES `importance_types` (`id`),
  FOREIGN KEY (`userIdCustomer`)
    REFERENCES `users` (`id`),
  FOREIGN KEY (`userIdGopher`)
    REFERENCES `users` (`id`)
);



-- -----------------------------------------------------
-- Table `gopher`.`categories`
-- -----------------------------------------------------

CREATE TABLE IF NOT EXISTS `categories` (
  `id` INT UNSIGNED NOT NULL AUTO_INCREMENT,
  `name` VARCHAR(50) NOT NULL,
  PRIMARY KEY (`id`)
);



-- -----------------------------------------------------
-- Table `gopher`.`errand_categories`
-- -----------------------------------------------------

CREATE TABLE IF NOT EXISTS `errand_categories` (
  `id` INT UNSIGNED NOT NULL AUTO_INCREMENT,
  `errandId` INT UNSIGNED NOT NULL,
  `categoryId` INT UNSIGNED NOT NULL,
  PRIMARY KEY (`id`),
  FOREIGN KEY (`errandId`)
    REFERENCES `errands` (`id`),
  FOREIGN KEY (`categoryId`)
    REFERENCES `categories` (`id`)
);


-- -----------------------------------------------------
-- Table `gopher`.`tasks`
-- -----------------------------------------------------

CREATE TABLE IF NOT EXISTS `tasks` (
  `id` INT UNSIGNED NOT NULL AUTO_INCREMENT,
  `name` VARCHAR(45) NOT NULL,
  `description` VARCHAR(250) NULL,
  `startDate` TIMESTAMP NULL DEFAULT NULL,
  `completionDate` TIMESTAMP NULL DEFAULT NULL,
  `errandId` INT UNSIGNED NOT NULL,
  `addressesId` INT UNSIGNED NOT NULL,
  PRIMARY KEY (`id`),
  FOREIGN KEY (`errandId`)
    REFERENCES `errands` (`id`),
  FOREIGN KEY (`addressesId`)
    REFERENCES `addresses` (`id`)
);


-- -----------------------------------------------------
-- Table `gopher`.`ratings`
-- -----------------------------------------------------
CREATE TABLE IF NOT EXISTS `ratings` (
  `id` INT UNSIGNED NOT NULL AUTO_INCREMENT,
  `ratingValue` INT NOT NULL,
  `comments` VARCHAR(150) NULL,
  `creationDate` TIMESTAMP NOT NULL DEFAULT CURRENT_TIMESTAMP,
  `userIdRated` INT UNSIGNED NOT NULL,
  `userIdRater` INT UNSIGNED NOT NULL,
  `errandId` INT UNSIGNED NOT NULL,
  PRIMARY KEY (`id`),
  FOREIGN KEY (`userIdRated`)
    REFERENCES `users` (`id`),
  FOREIGN KEY (`userIdRater`)
    REFERENCES `users` (`id`),
  FOREIGN KEY (`errandId`)
    REFERENCES `errands` (`id`)
);



-- -----------------------------------------------------
-- Table `gopher`.`notification_types`
-- -----------------------------------------------------
CREATE TABLE IF NOT EXISTS `notification_types` (
  `id` INT UNSIGNED NOT NULL AUTO_INCREMENT,
  `name` VARCHAR(50) NOT NULL,
  PRIMARY KEY (`id`)
);


-- -----------------------------------------------------
-- Table `gopher`.`notifications`
-- -----------------------------------------------------
CREATE TABLE IF NOT EXISTS `notifications` (
  `id` INT UNSIGNED NOT NULL AUTO_INCREMENT,
  `title` VARCHAR(50) NOT NULL,
  `message` VARCHAR(150) NULL,
  `userId` INT UNSIGNED NOT NULL,
  `notificationTypeId` INT UNSIGNED NOT NULL,
  PRIMARY KEY (`id`),
  FOREIGN KEY (`userId`)
    REFERENCES `users` (`id`),
  FOREIGN KEY (`notificationTypeId`)
    REFERENCES `notification_types` (`id`)
);

INSERT into notification_types (name) values("System Message"), ("Private Message"), ("Errand Completed"), ("Errand Accepted");
INSERT INTO address_types (name) VALUES ("Home"),("Work"),("Pickup Location"),("Dropoff Location"),("Custom Type");
INSERT INTO `user_types` (name) VALUES("Gopher"),("Admin"),("Customer");
INSERT INTO status_types (name) VALUES ("Completed"),("Not Started"),("In Progress");
INSERT INTO importance_types (name) VALUES ("Very Low"), ("Low"),("Normal"),("High"),("Very High");
INSERT INTO `users` (`id`,`username`,`nameFirst`,`nameLast`,`email`,`phoneHome`,`phoneWork`,`phoneMobile`,`password`,`salt`,`joinDate`,`userTypeId`) VALUES (1,"K.Reynolds","Lisandra","Baldwin","non@rutrumjustoPraesent.com","(866) 746-4300","(671) 847-4332","(129) 316-3777","WZV18LBD2VZ","XMF20IBU9VB","2016-09-20 02:47:14",1),(2,"T.Trevino","Nichole","Bell","at.auctor@est.ca","(407) 113-2519","(996) 333-8832","(652) 237-6492","WOX67DFD5QO","LKR43BFV1MF","2015-11-29 15:13:22",1),(3,"D.Black","Judith","Cooke","semper.cursus@Integereu.com","(845) 473-5370","(207) 778-4224","(202) 201-2275","EVV69JJW2EA","KUQ90JRE0JA","2017-01-08 13:06:00",3),(4,"B.Nieves","Ruth","Ellis","accumsan.interdum.libero@hendrerita.co.uk","(904) 517-5673","(193) 202-8573","(314) 248-4130","VTP55XOL1YQ","ZNI46CIT8JA","2016-12-29 12:07:06",1),(5,"S.Olsen","Larissa","Gaines","ligula@loremeumetus.com","(429) 679-8241","(888) 266-0570","(514) 613-0337","ISX53DEL7XX","WRD26AHZ6HD","2015-10-18 08:08:58",2),(6,"C.Lindsay","Stuart","Cain","felis.eget@posuere.com","(418) 600-0282","(131) 969-9664","(363) 556-4970","VOH56TOT5QC","TYM86VRC0FZ","2015-04-05 17:26:00",1),(7,"F.Daniel","Stewart","Stark","cursus@loremeget.com","(243) 174-4598","(283) 305-2452","(740) 324-6871","SBB53PRE8JY","LAJ29VRD2ZU","2016-08-31 09:19:21",3),(8,"Y.Lopez","Charity","Stephens","erat@velit.edu","(893) 343-3150","(576) 982-5427","(514) 232-5440","ZZV97JDW6MH","QJO61QST7UI","2015-07-06 02:20:07",2),(9,"R.Rosales","Camilla","Reyes","sapien.gravida.non@atvelit.net","(948) 310-4231","(828) 541-9186","(362) 566-1499","MYY72RQM3TC","LQU71HFG2SG","2016-09-23 13:47:20",1),(10,"X.Perry","Bianca","Hull","ut.molestie.in@semperrutrumFusce.ca","(744) 225-7114","(689) 560-6021","(934) 679-8071","LHM28DDN5XC","QMA78LHU1CA","2016-05-23 19:06:17",2),(11,"I.Fisher","Fuller","Gaines","facilisis.lorem@Donec.co.uk","(150) 576-9681","(202) 512-2506","(305) 697-4424","QRT15FHT1QT","VZO00TUK5WC","2016-05-16 08:15:20",1),(12,"W.May","Breanna","Molina","Sed@ipsum.co.uk","(216) 170-0887","(380) 221-9697","(395) 135-2228","LSX41ILY7BY","ZPM10IWM8FV","2016-08-19 02:17:47",3),(13,"Z.Holder","Miranda","Rollins","faucibus@Suspendissesagittis.org","(838) 326-4604","(111) 611-0685","(292) 520-2602","EWD79BMP9LT","PKM88CVM9CI","2015-03-12 23:58:39",2),(14,"M.Kim","Uma","Mccarty","per.inceptos.hymenaeos@elitsedconsequat.co.uk","(998) 195-3721","(792) 657-2157","(563) 817-6023","LRF00GPY9CF","ZMT46BCU4TG","2015-05-26 19:37:09",3),(15,"W.Kennedy","Dale","Sanchez","laoreet.ipsum.Curabitur@nuncest.com","(837) 571-7427","(568) 859-1484","(115) 613-3898","DGJ78LZZ0XF","WSE25NPT6ME","2015-10-12 07:13:01",1),(16,"J.Holden","Vaughan","Noble","aptent.taciti.sociosqu@sitamet.net","(454) 376-3406","(739) 325-0275","(849) 693-7209","YBW91ELV5VJ","WXE66TRM3XT","2016-09-08 16:06:52",1),(17,"A.Welch","Quintessa","Buck","tristique.pellentesque.tellus@mauris.org","(141) 858-1690","(124) 803-5883","(686) 542-0010","TMX67SQA3II","SGC62INQ5ZN","2015-12-31 06:52:15",3),(18,"L.Lawson","Gareth","Nixon","Cras.lorem.lorem@euaccumsan.edu","(328) 701-0291","(949) 546-2839","(587) 540-9876","UDR57RYF3LH","PSH77KMM3FJ","2016-09-24 21:45:28",1),(19,"Q.Blackburn","Montana","Crane","Nulla.tempor.augue@acsem.com","(503) 815-8533","(271) 739-7833","(676) 293-2820","UKL93WKW5HX","FLC50PVA3BU","2015-07-26 07:50:44",3),(20,"V.Sharpe","Amethyst","Montoya","Aliquam@hendreritidante.ca","(613) 940-5966","(789) 327-7462","(332) 916-8983","JKM72ANQ1FU","EXY26RZN2XB","2017-02-02 00:16:18",3),(21,"M.Barrera","Kadeem","Townsend","Cum.sociis@non.net","(173) 176-4717","(126) 548-6877","(774) 497-2053","XAD42CWV0VM","MRV06VSJ3NW","2016-09-12 16:37:59",3),(22,"K.Parks","Kareem","Ball","Integer.eu@dictum.co.uk","(840) 408-4473","(416) 702-0877","(957) 320-9521","QUN35DDL6EA","NSJ50JYA4QH","2015-12-10 01:01:57",3),(23,"C.Levy","Mallory","Nguyen","auctor.odio@esttemporbibendum.net","(866) 464-4874","(112) 568-0351","(414) 103-5768","XKJ20ZLR9NO","DEG88GOH2US","2015-11-18 21:18:32",2),(24,"P.Hudson","Kameko","Rutledge","nec@aliquetodioEtiam.com","(236) 641-2077","(475) 892-4515","(927) 668-3141","ECM70GEK3EC","JAR79CAR6NM","2016-07-19 08:11:46",1),(25,"E.Gates","Farrah","Wade","nisi@aliquetvel.org","(854) 113-0854","(339) 382-3492","(976) 963-9941","URV13YNQ1PC","JZU38TVP2WA","2015-12-12 20:03:12",3),(26,"A.Murphy","Illiana","Brennan","Aliquam@non.co.uk","(277) 163-3079","(919) 327-9882","(150) 582-2744","GSK68ZGZ7NY","YSY44JVD6NQ","2016-07-07 22:40:04",2),(27,"P.Davis","Carolyn","Finley","commodo.at@quisarcuvel.org","(592) 810-7325","(417) 216-3909","(450) 582-2455","XGK39JVP2IQ","ZVD30XAA9ST","2017-01-22 05:46:56",1),(28,"C.Mcdaniel","Zephr","Frost","Nulla@rutrumeu.net","(909) 434-6308","(414) 120-0656","(258) 853-2129","CGW06IJZ9VC","QHH36CKE8AL","2016-12-15 03:59:04",1),(29,"G.Hickman","Lewis","Oliver","magnis.dis@netuset.edu","(895) 540-8175","(799) 680-1701","(115) 734-6881","BYW72SSI1VH","UQD18TNA5PK","2016-02-04 09:10:07",1),(30,"D.Luna","Katelyn","Gill","feugiat.nec.diam@ornarelectus.net","(561) 716-4935","(408) 849-1745","(691) 736-6666","USV61RDA7AV","DEF11ZUM2RS","2015-08-01 09:54:44",3),(31,"T.Huffman","Scarlett","Ewing","semper.Nam.tempor@risus.org","(109) 689-7729","(757) 250-0528","(669) 352-7488","BXV10JJY2MW","JXF32DFB9ZF","2016-06-12 19:24:27",3),(32,"G.Caldwell","Shana","Holman","lacinia@sociosquadlitora.org","(522) 543-9712","(284) 338-5471","(795) 609-9008","KSJ99AOZ4MA","TUR60TDS1PB","2017-01-02 07:32:41",2),(33,"W.Anthony","Peter","Contreras","fringilla.cursus@elitsedconsequat.net","(540) 647-4653","(552) 259-7371","(895) 377-0815","AJQ97TUE4RL","UUV03UIH8QF","2016-04-06 06:25:48",2),(34,"E.Norris","Breanna","Warren","Suspendisse.eleifend.Cras@liberoettristique.ca","(815) 823-8371","(196) 155-9183","(800) 599-3642","XVJ93TVP3JI","BRJ47NPU3OW","2016-05-18 01:43:24",2),(35,"J.Green","Ifeoma","Vance","scelerisque.dui@malesuada.co.uk","(601) 827-0437","(724) 102-7144","(385) 910-2721","GAZ05SDM8SN","ZDQ84YYR7CK","2016-01-31 04:06:42",1),(36,"Q.Dennis","Gloria","Porter","congue@Curabitursedtortor.co.uk","(769) 292-1428","(953) 480-5801","(344) 244-8082","CSE18UNE9FD","NQP70DTI1XD","2016-12-08 11:13:15",2),(37,"H.Brennan","Cheryl","Irwin","Quisque@pede.net","(335) 681-6177","(643) 273-2716","(756) 693-7087","QKA33VCR0SE","OTF09CJM3PW","2015-06-20 17:41:01",2),(38,"P.Schroeder","Flynn","Hurst","egestas@magna.org","(679) 221-7399","(350) 241-7316","(224) 320-4186","VKN16GLD0CO","HFA12GUQ3CG","2015-11-02 11:11:12",1),(39,"X.Bishop","Stella","Haynes","Donec.nibh@non.net","(959) 213-4689","(981) 982-6959","(254) 136-5136","WCL30ZEW0EY","DHH10JWT8LK","2015-04-23 01:58:49",3),(40,"Q.Donovan","Kylie","Raymond","congue.elit.sed@massa.com","(160) 903-6005","(824) 844-6505","(669) 593-5104","FZE89JGH8KY","VFP36PYI2CN","2016-09-18 11:07:48",3),(41,"H.Mcfarland","Jason","Thomas","ullamcorper.eu@Suspendissedui.com","(208) 810-2689","(808) 114-0554","(525) 933-2316","ECR55XOJ2TP","XLK81OQK1QW","2015-04-21 13:33:10",1),(42,"E.Hart","Wayne","Bridges","amet.ultricies.sem@Phasellusataugue.org","(440) 392-1447","(918) 228-2018","(957) 556-9681","SGN81AVV4ZE","UBI95ILS3YT","2016-05-08 23:24:50",3),(43,"D.Dawson","Samuel","Gomez","pharetra.Nam.ac@CuraeDonectincidunt.co.uk","(459) 880-6902","(194) 492-4965","(674) 342-9666","HMK13ZAJ6IW","DIE67WPZ5EP","2015-09-24 22:08:14",2),(44,"C.Finley","Leila","Rivers","mattis.ornare.lectus@consequatlectussit.com","(697) 680-7760","(858) 528-1105","(656) 404-7108","EDK58LOQ5AJ","YWI91SQN4TX","2016-12-23 19:14:41",3),(45,"J.Boyer","Peter","Chan","mollis.vitae@nec.net","(328) 949-8333","(820) 186-5276","(716) 215-1667","SSM05ZJO5QD","GVQ50ARE8UY","2016-09-20 19:09:34",3),(46,"J.Pearson","Dawn","Singleton","egestas.Aliquam.nec@lectusante.co.uk","(617) 132-9694","(742) 201-0446","(687) 132-9705","EMP71WVE8XQ","HZQ83MEU9BV","2016-08-31 08:52:42",1),(47,"L.Barker","Karleigh","Burgess","egestas@nascetur.org","(987) 897-7512","(913) 668-9973","(256) 672-9083","XDH68SZE8YY","PAM47GAY6BP","2016-03-30 02:49:53",3),(48,"P.Shelton","Hermione","Daniel","nec.quam.Curabitur@dapibus.org","(436) 686-6339","(407) 940-9198","(652) 257-7970","KMH17NPS7JF","VMI82CPW1ZB","2016-12-25 03:05:47",1),(49,"C.Holman","Lacota","Dotson","magna.sed.dui@necquamCurabitur.com","(712) 691-7472","(234) 609-8815","(312) 668-9458","PEB92OZF6ZH","AVQ89SBW5AF","2016-09-13 16:32:07",3),(50,"Z.Sharp","Knox","Tran","Nunc.mauris.Morbi@nunc.net","(786) 952-5325","(603) 313-5164","(301) 405-8552","MHS72SZA8QL","TMS65RIE9WF","2016-08-21 07:25:36",3),(51,"M.Noble","Shoshana","Delacruz","sociis.natoque.penatibus@Morbinequetellus.net","(984) 512-5326","(617) 367-3157","(418) 574-2236","TIA59NLP1ZQ","WHK27IFP8GT","2016-03-09 08:35:59",2),(52,"J.Campos","Kylan","Benton","malesuada@utlacus.net","(871) 342-3166","(573) 957-6471","(583) 462-4102","YAR96KCK8GI","JIS75SQX3WC","2017-02-24 00:05:37",2),(53,"L.Frost","Veronica","Kidd","dictum.placerat.augue@risusDuisa.org","(247) 249-6479","(933) 779-3724","(599) 899-3524","HCW52LSA5IJ","GNA96OTM6YN","2015-04-13 23:23:44",3),(54,"A.Valdez","Erica","Henry","semper.rutrum.Fusce@elitEtiam.co.uk","(580) 294-4861","(754) 529-7981","(492) 993-9586","ULU42CNC7VS","XOK62TWT0LA","2016-11-28 18:05:23",3),(55,"U.Snow","Raya","Jimenez","diam@vulputateullamcorper.co.uk","(535) 486-6718","(964) 233-4212","(129) 929-6396","ZZY21RXJ2XV","GXX74SEK4TC","2017-02-28 06:51:42",1),(56,"F.Moran","Roary","Wolf","velit.Aliquam@tellus.ca","(399) 729-2360","(472) 312-4829","(678) 430-8775","TJE79CSN1ZL","GRO78DOQ6MV","2015-10-28 18:26:20",2),(57,"Q.Bailey","Chadwick","Albert","tempus@atlacusQuisque.edu","(165) 142-2528","(928) 943-6230","(133) 733-6484","YDF06OTQ3CY","DRM53PUY9AG","2016-12-25 18:12:13",3),(58,"M.Mccray","Dominic","Brady","arcu@arcu.org","(608) 487-0945","(559) 747-7474","(810) 895-6300","MGU32XID9HA","ZXC16XCX6NB","2015-05-02 03:19:54",3),(59,"O.Gibson","Laura","Morrow","vel.lectus.Cum@odiotristique.co.uk","(419) 360-9474","(878) 166-5412","(449) 206-8372","WXI20WQK2ZF","SAL41YRQ8PX","2016-08-24 07:41:08",3),(60,"V.Padilla","Lenore","Dean","cursus.Integer.mollis@ut.org","(739) 141-5775","(214) 470-3999","(854) 533-9163","WQA16APY0QM","DLF65ETD6MH","2016-03-15 01:30:54",1),(61,"B.Yang","Kieran","Rosales","natoque.penatibus.et@aliquet.edu","(829) 594-2740","(491) 294-0836","(930) 408-8680","IQU12LXN8AR","CWD36VOH2JJ","2016-10-09 22:13:06",1),(62,"R.Aguirre","Denton","Flowers","ipsum@Nullamsuscipit.edu","(773) 392-4732","(470) 730-2549","(989) 643-6098","PZD67NCC6KV","DJF84PVJ2OB","2015-08-08 07:15:12",3),(63,"Z.Levy","Amela","Hood","pellentesque@convallisdolorQuisque.edu","(252) 509-7136","(125) 300-1173","(800) 443-3885","TAI05MNV3RP","JVS59UWV3LB","2016-10-08 19:55:21",1),(64,"O.Watkins","Myles","Pope","bibendum.ullamcorper.Duis@accumsan.org","(860) 202-0783","(161) 236-5345","(600) 306-1796","UGX88NBR7QE","FZO61OQX2KJ","2015-08-16 09:03:23",3),(65,"M.Pearson","Amela","Greene","ut@volutpatNulladignissim.com","(897) 649-4695","(184) 975-9053","(920) 955-9390","GGA08SOF9PK","CBB97ARM6AA","2016-03-07 19:36:30",1),(66,"N.Atkinson","Neville","Albert","pede.blandit.congue@incursuset.com","(300) 680-8529","(522) 804-2481","(436) 693-3612","VVN00IPO4PV","UKI69QRK2TM","2017-01-21 16:20:44",3),(67,"U.Middleton","Pascale","Hudson","Cras@Loremipsumdolor.com","(227) 479-5657","(989) 874-7259","(569) 816-2018","CRF92GIF8US","OGE83UBM7JB","2015-09-16 21:41:28",2),(68,"X.Guerra","Hayfa","Burton","eu.eleifend.nec@sitamet.edu","(931) 523-0359","(962) 619-9474","(322) 917-4421","FDB77KTL3BW","USV40SUA3LO","2017-02-01 03:08:03",2),(69,"V.Love","Grant","Beard","sem@tristiquesenectus.edu","(371) 243-2035","(981) 329-5876","(232) 917-2774","NGU26REI6FM","YYK36KTZ2BT","2015-12-28 06:36:25",3),(70,"Z.Kennedy","Madison","Garrison","In@ultricesiaculisodio.com","(329) 394-4331","(776) 403-3719","(518) 997-8108","ZWM91HYA3NP","CZH47LQD8ZC","2015-05-24 01:16:02",1),(71,"G.Burnett","Cailin","Roberts","nulla@eu.net","(657) 112-5546","(467) 894-1305","(163) 704-8604","WQA92FIJ5JZ","HZB11ZQD5LC","2017-02-18 04:40:38",2),(72,"X.Finch","Hope","Medina","mollis.lectus@arcuet.net","(300) 643-3812","(767) 505-5474","(833) 605-9980","ROW37PPZ9JQ","NHK04GJZ8PE","2015-07-10 19:24:16",2),(73,"U.Hull","Diana","James","cursus.vestibulum@natoque.edu","(103) 313-0825","(954) 528-6726","(164) 600-9058","MTQ92FAL4UL","RPE53RUV2MX","2016-12-05 06:06:26",2),(74,"G.Gilbert","Rebecca","Pearson","vitae@cubiliaCuraePhasellus.edu","(689) 150-5753","(797) 621-0740","(159) 643-9102","NLE10SAI8UL","XFB63XOS2ST","2015-05-24 09:10:15",1),(75,"R.Scott","Miranda","Jenkins","Pellentesque.ut.ipsum@utnisi.net","(583) 183-8752","(297) 462-6215","(572) 120-5487","OGO60KCJ2EM","EGZ76REA3MF","2015-05-17 20:45:26",2),(76,"H.Alvarado","Neve","Wells","vulputate@tincidunt.com","(340) 592-4906","(294) 946-5062","(476) 453-5663","SML43WXM7HZ","RSI77LHY4YX","2015-03-03 06:12:32",2),(77,"O.Compton","Plato","Mccormick","in.lobortis@ipsumsodales.com","(575) 982-6883","(121) 442-1486","(458) 922-1643","TDN70YCV8MZ","ZSG76CYW5WK","2016-03-04 15:35:25",3),(78,"F.Sears","Xaviera","Christensen","tristique@augue.edu","(250) 986-6630","(874) 166-6552","(507) 224-3980","JRH10WMX7QR","NQM37RVQ3FI","2017-01-16 23:44:04",2),(79,"T.Curtis","Nomlanga","Hess","ultricies.dignissim@Aeneaneuismodmauris.ca","(335) 901-4092","(547) 156-7851","(165) 294-1972","TQF40CCF0KZ","ACT02DXX0MN","2015-08-09 00:10:56",1),(80,"Q.Hudson","Ila","Foley","nec@maurissapien.org","(633) 485-5401","(717) 430-8051","(575) 381-0526","BZW42RXT1TY","ELW49YIW9LQ","2017-01-03 10:28:05",2),(81,"S.Neal","Aretha","Hansen","ligula.Aliquam@malesuada.edu","(664) 617-0925","(573) 192-0868","(370) 325-4117","NDA15ZFS7FD","XHL37SSZ8AB","2015-03-06 23:52:11",1),(82,"B.Mcconnell","Victoria","Yang","tellus.eu.augue@enimnislelementum.com","(260) 413-8763","(705) 848-9462","(431) 364-4053","FKF05NFO4DQ","XQP40JBJ1JL","2016-11-03 14:57:04",3),(83,"M.Noel","Kitra","Robertson","dolor@perinceptos.edu","(628) 970-5760","(562) 601-3493","(809) 358-7735","MAB45BSN0WG","YNT81ZFM4YS","2016-01-14 18:41:09",1),(84,"X.Hester","Hammett","Black","eu.dui@vitaeorci.net","(577) 931-2113","(224) 183-7890","(822) 665-9239","SOR89DVW0MX","IVJ76YBT0KO","2015-04-18 02:36:27",3),(85,"J.Riley","Isadora","Anthony","erat.in.consectetuer@consectetuer.net","(768) 176-6024","(443) 196-9266","(314) 568-0657","YQE92BVR8GC","TTU67MXM3ES","2016-03-05 01:08:27",2),(86,"Z.Holder","Galena","Hanson","a@nectellusNunc.edu","(317) 394-8127","(455) 148-8778","(122) 428-0480","BCE40FDQ4HM","ZDR69UOV0OH","2015-07-10 10:30:13",2),(87,"C.Santos","Cody","Baldwin","dolor.sit.amet@ut.edu","(397) 962-8858","(583) 444-5210","(899) 617-2374","SFM98WGS6AQ","VRS16AAG1LV","2015-05-30 15:41:14",3),(88,"U.Gould","George","Vinson","tempor.diam.dictum@elitCurabitursed.net","(820) 914-3458","(496) 345-2396","(820) 697-4160","RUV06THA4BX","GXA93SLI8YO","2015-12-06 05:18:20",1),(89,"O.Spears","Pascale","Ewing","semper@atsemmolestie.org","(776) 758-9464","(776) 875-4802","(465) 686-9408","CMI17SOF2SN","YII13VVT1RB","2015-09-17 20:01:39",1),(90,"S.Rhodes","Aubrey","Ross","Nunc.commodo.auctor@Naminterdumenim.co.uk","(814) 686-5078","(978) 213-3443","(890) 664-6092","SPL59KRL0JF","OJW18DZV4LV","2016-06-29 13:27:45",1),(91,"W.Collins","Adara","Haynes","mauris.blandit@arcuMorbi.com","(131) 289-3227","(241) 331-3327","(370) 402-1421","HIR64JAB5XJ","DPT73QZZ8CM","2015-12-14 04:30:31",2),(92,"B.Cummings","Denise","Pratt","augue@aliquetProinvelit.net","(496) 633-5613","(291) 388-3577","(636) 977-1282","DUD39VJY6FC","ZGQ25HDX9WF","2016-04-23 22:26:54",2),(93,"B.Faulkner","Mara","Hopper","molestie.sodales@sed.co.uk","(598) 837-9458","(362) 737-1340","(747) 329-3053","TYC46LTF5ZT","QCF05VBX9FX","2015-08-30 08:02:00",2),(94,"G.Chandler","Baker","Riggs","nec.luctus.felis@idblanditat.edu","(302) 616-1897","(667) 992-8820","(506) 705-6217","XKK09ERF9OG","KSM84IEG8IO","2015-07-09 13:33:29",2),(95,"L.Patrick","Holmes","Hunter","semper@laciniaorciconsectetuer.com","(443) 628-2475","(768) 123-4805","(634) 677-0645","DMN39BDD2VL","VOZ36GJP3AT","2016-09-18 20:25:44",2),(96,"A.Townsend","Maile","Burton","euismod.est@quamCurabitur.ca","(374) 869-5014","(147) 998-4177","(861) 190-1808","YCC73RKD5CN","HBS18RLD7VI","2016-08-21 06:37:44",3),(97,"S.Leonard","Ebony","Faulkner","et.eros@utnullaCras.org","(682) 984-4268","(936) 375-0354","(416) 320-1247","DIM46PCJ4AU","ISP29AGZ2UM","2016-02-19 12:14:00",2),(98,"B.Gould","Hall","Berger","suscipit.nonummy@Aenean.edu","(182) 593-8204","(812) 730-2692","(441) 664-0436","HMP28MQL6AE","ARS63UXD8GH","2015-11-15 22:58:24",2),(99,"F.Woods","Ivor","Vinson","vitae@penatibus.co.uk","(649) 971-2178","(710) 526-5123","(569) 481-6866","JJK08KBG8IP","JQJ16PTD2BZ","2016-12-22 00:39:26",3),(100,"S.Moses","Ryder","Stuart","egestas.a.scelerisque@nisl.org","(933) 204-6299","(868) 950-8522","(178) 465-2125","TRE66WNX3AP","SAM10PLQ0AO","2016-10-19 10:09:00",1);
INSERT INTO `notifications` (`id`,`title`,`message`,`userId`,`notificationTypeId`) VALUES (1,"arcu. Aliquam","tincidunt aliquam arcu. Aliquam ultrices iaculis odio. Nam interdum enim",80,3),(2,"ac, fermentum","lectus ante dictum mi,",46,4),(3,"Vivamus euismod","quis accumsan convallis, ante lectus convallis est, vitae sodales",23,2),(4,"pharetra. Nam","molestie arcu. Sed eu nibh vulputate mauris sagittis placerat.",34,3),(5,"id, mollis","enim commodo hendrerit. Donec",27,3),(6,"massa. Integer","Aliquam nisl. Nulla eu neque pellentesque massa lobortis",39,4),(7,"sodales. Mauris","nibh. Phasellus nulla. Integer vulputate,",51,4),(8,"euismod in,","in, dolor. Fusce feugiat. Lorem ipsum dolor sit amet, consectetuer",24,2),(9,"vitae, posuere","felis. Donec tempor, est",29,1),(10,"eu, accumsan","dui, semper",96,3),(11,"semper tellus","Fusce diam nunc, ullamcorper eu, euismod ac, fermentum vel, mauris.",20,2),(12,"at auctor","at,",48,3),(13,"eget tincidunt","Sed malesuada augue ut lacus.",19,2),(14,"faucibus orci","eros non enim commodo hendrerit. Donec porttitor",30,2),(15,"ligula tortor,","quis accumsan",20,3),(16,"nec enim.","Mauris magna. Duis dignissim tempor arcu. Vestibulum ut",46,2),(17,"mauris, aliquam","orci luctus et ultrices posuere cubilia Curae; Donec",36,1),(18,"non enim.","tempor diam dictum sapien.",11,2),(19,"felis eget","ultrices posuere cubilia Curae; Phasellus ornare.",74,1),(20,"lorem tristique","Donec est. Nunc ullamcorper, velit in aliquet lobortis,",44,4),(21,"Sed malesuada","arcu. Vestibulum ut eros non enim commodo hendrerit. Donec porttitor",49,4),(22,"non, dapibus","feugiat non, lobortis quis, pede.",66,2),(23,"pharetra nibh.","magna. Praesent interdum ligula eu enim. Etiam imperdiet dictum magna.",17,4),(24,"massa. Mauris","elit. Nulla facilisi. Sed neque. Sed eget",56,2),(25,"Suspendisse aliquet,","pede. Nunc sed orci lobortis augue scelerisque mollis. Phasellus libero",42,2),(26,"facilisis non,","gravida. Aliquam tincidunt, nunc",97,2),(27,"dapibus quam","in faucibus orci",61,3),(28,"gravida sit","arcu. Sed eu nibh vulputate mauris sagittis placerat. Cras",40,2),(29,"egestas, urna","non arcu. Vivamus sit amet",87,3),(30,"Praesent eu","senectus et netus et malesuada fames ac",2,4),(31,"ligula. Donec","magna. Duis dignissim tempor arcu. Vestibulum",35,2),(32,"lacus. Nulla","tristique pellentesque, tellus sem",10,2),(33,"nulla magna,","erat nonummy ultricies",49,3),(34,"risus. Morbi","vel, mauris. Integer sem elit, pharetra ut, pharetra sed, hendrerit",46,3),(35,"Donec nibh","sem semper erat, in consectetuer ipsum nunc id enim.",6,1),(36,"a, auctor","vitae, posuere",64,1),(37,"ac, feugiat","libero",42,1),(38,"congue a,","sed, sapien. Nunc pulvinar arcu et",35,3),(39,"volutpat. Nulla","a sollicitudin orci sem eget massa.",100,2),(40,"mauris id","orci luctus et ultrices",78,4),(41,"faucibus leo,","nibh. Quisque nonummy ipsum non arcu.",30,3),(42,"aliquam eros","metus facilisis lorem",80,4),(43,"mauris, aliquam","pede. Cum sociis natoque penatibus et magnis dis parturient",19,1),(44,"diam vel","orci. Phasellus dapibus quam quis diam. Pellentesque habitant morbi",1,2),(45,"at fringilla","tempus scelerisque, lorem ipsum sodales",45,4),(46,"massa. Integer","et, rutrum eu, ultrices sit amet, risus. Donec",97,4),(47,"nisi a","eget, volutpat",30,4),(48,"lorem, vehicula","magna, malesuada vel, convallis in,",35,4),(49,"risus. Donec","orci. Ut sagittis lobortis",69,1),(50,"elementum sem,","Vivamus rhoncus. Donec est. Nunc ullamcorper, velit",48,2),(51,"pharetra nibh.","commodo tincidunt nibh. Phasellus nulla. Integer",10,3),(52,"ipsum dolor","mus. Donec dignissim magna a",34,2),(53,"malesuada fringilla","nibh. Quisque nonummy ipsum non arcu. Vivamus sit amet",56,1),(54,"nec tempus","iaculis",29,3),(55,"ultricies dignissim","Nunc commodo auctor velit. Aliquam nisl. Nulla",63,3),(56,"lectus justo","dapibus rutrum, justo.",4,3),(57,"ac mattis","non, hendrerit id, ante.",11,3),(58,"elit, a","Duis elementum, dui quis",66,4),(59,"magnis dis","nunc nulla vulputate",68,2),(60,"id, erat.","sem. Pellentesque ut ipsum ac mi eleifend egestas.",48,1),(61,"lorem vitae","nisi.",91,3),(62,"elit, dictum","tristique pharetra. Quisque ac libero nec",28,1),(63,"Donec fringilla.","lectus justo eu arcu. Morbi",68,2),(64,"enim nec","lobortis mauris. Suspendisse aliquet",26,3),(65,"quis diam.","sit amet, faucibus",69,3),(66,"arcu. Morbi","posuere vulputate, lacus. Cras interdum. Nunc sollicitudin commodo ipsum.",2,2),(67,"ac arcu.","dui. Fusce diam nunc, ullamcorper",4,3),(68,"Nam ligula","et, magna. Praesent interdum ligula eu enim. Etiam imperdiet dictum",52,1),(69,"fermentum fermentum","enim",3,1),(70,"eu, euismod","dolor elit,",85,3),(71,"ultrices. Duis","Donec consectetuer mauris id sapien. Cras dolor dolor, tempus",83,1),(72,"ut, sem.","ipsum non arcu. Vivamus sit amet risus. Donec",97,4),(73,"gravida sit","ac, feugiat non, lobortis quis,",60,3),(74,"Aenean sed","mauris ipsum porta elit,",69,2),(75,"Phasellus in","a, scelerisque sed, sapien.",13,1),(76,"Suspendisse sed","dictum mi, ac mattis velit justo nec ante. Maecenas",26,2),(77,"libero. Proin","egestas. Aliquam fringilla cursus purus. Nullam",45,4),(78,"penatibus et","eu, accumsan sed, facilisis vitae, orci. Phasellus",33,1),(79,"netus et","Sed nec metus facilisis lorem tristique aliquet. Phasellus",88,3),(80,"vel pede","ac nulla. In tincidunt congue turpis. In condimentum. Donec at",57,1),(81,"Aenean sed","inceptos hymenaeos. Mauris ut quam vel",71,2),(82,"iaculis aliquet","vitae erat",42,2),(83,"netus et","ipsum sodales purus, in molestie tortor",73,1),(84,"Curabitur dictum.","et risus. Quisque libero lacus, varius",24,2),(85,"in felis.","Proin sed turpis nec mauris blandit mattis. Cras",57,2),(86,"dui, nec","Vestibulum ante ipsum primis in",91,4),(87,"sed leo.","Aenean euismod mauris eu elit.",17,1),(88,"lacus. Cras","ullamcorper eu,",78,1),(89,"in molestie","arcu ac orci. Ut semper pretium",64,3),(90,"Quisque porttitor","ut aliquam iaculis, lacus pede sagittis augue,",69,2),(91,"malesuada augue","sed sem egestas blandit. Nam nulla magna, malesuada vel, convallis",66,3),(92,"erat volutpat.","hymenaeos. Mauris ut quam vel sapien",78,2),(93,"dui, in","ipsum dolor sit amet, consectetuer adipiscing elit. Etiam laoreet, libero",93,3),(94,"penatibus et","adipiscing lacus. Ut nec urna",20,1),(95,"Suspendisse ac","Duis gravida. Praesent eu nulla at",13,2),(96,"tempus scelerisque,","ut mi.",47,1),(97,"Nunc quis","mi eleifend egestas. Sed pharetra, felis eget varius ultrices, mauris",83,2),(98,"ac nulla.","inceptos hymenaeos. Mauris ut quam",60,3),(99,"dolor. Quisque","quis, pede. Suspendisse dui. Fusce diam",12,4),(100,"Duis elementum,","massa. Integer vitae nibh. Donec est mauris, rhoncus id, mollis",91,3);
INSERT INTO `addresses` (`id`,`addressLine1`,`addressLine2`,`city`,`province`,`country`,`zip`,`userId`,`addressTypeId`) VALUES (1,"P.O. Box 528, 6930 Est Rd.","352-8128 Iaculis Rd.","Badajoz","Extremadura","Russian Federation","L2L 1G9",68,2),(2,"P.O. Box 161, 8672 Gravida Street","355 Tortor St.","San José de Maipo","Metropolitana de Santiago","Syria","74613-989",23,5),(3,"350-6164 Neque Rd.","817-7294 In Rd.","Buckingham","Buckinghamshire","Isle of Man","20704",75,1),(4,"P.O. Box 501, 4219 Neque. St.","379-5994 Lorem, Avenue","Suwałki","PD","Côte D'Ivoire (Ivory Coast)","75-584",1,1),(5,"332 Proin Street","Ap #620-3755 Ornare Avenue","Awka","Anambra","Tajikistan","N0K 1G1",87,3),(6,"P.O. Box 112, 5239 Nunc, Rd.","926-9905 Suspendisse Av.","Alloa","CL","Afghanistan","33670",96,1),(7,"1585 Tellus. St.","Ap #751-4085 At Street","Dublin","Leinster","Bahrain","2017",7,5),(8,"4183 Ridiculus Rd.","P.O. Box 519, 7209 Tempus Av.","Vienna","Vienna","Vanuatu","09772",33,5),(9,"2521 Dui. St.","2784 Penatibus St.","Villa Alemana","V","Saint Pierre and Miquelon","7853",9,2),(10,"5473 Luctus. Rd.","P.O. Box 737, 4541 Nullam Street","San Rafael","SJ","Korea, South","48180",56,3),(11,"P.O. Box 428, 8938 Turpis Road","2610 At Rd.","Vienna","Wie","Gambia","9179",45,1),(12,"8540 Sapien, Rd.","6025 Sed, Road","Vänersborg","O","Egypt","D27 0HB",48,2),(13,"P.O. Box 859, 3831 Nullam St.","Ap #130-449 Sed, Ave","Cedar Rapids","Iowa","Congo, the Democratic Republic of the","62081",60,2),(14,"973-8170 Sociosqu St.","756-4427 A, Rd.","Bacabal","MA","Japan","61403",80,2),(15,"P.O. Box 646, 8165 Ante, St.","Ap #489-7724 Quisque Rd.","Tokoroa","NI","Heard Island and Mcdonald Islands","UP6H 6WD",63,3),(16,"Ap #760-7336 Mauris Ave","7155 Cras St.","Sunset Point","Alberta","Isle of Man","59848",82,5),(17,"2124 Non, St.","1647 In Avenue","Bauchi","BA","Myanmar","641213",8,1),(18,"P.O. Box 204, 4863 Eu Avenue","P.O. Box 183, 704 Non St.","Breda","Noord Brabant","Nigeria","60411",14,2),(19,"Ap #370-6791 Placerat St.","770-4714 Est, Street","Itapipoca","Ceará","Portugal","41214",5,3),(20,"Ap #889-1959 Parturient St.","P.O. Box 547, 3526 Mauris Avenue","Middelburg","Zeeland","Mayotte","86090-552",54,1),(21,"Ap #701-7916 In Av.","Ap #825-9993 Est Av.","Vienna","Vienna","China","64664",70,2),(22,"8915 Malesuada Av.","4444 Consectetuer Road","Kozhikode","Kerala","Bosnia and Herzegovina","6442VA",74,2),(23,"Ap #447-4922 Justo St.","P.O. Box 628, 7598 Pharetra, Street","Bussolengo","VEN","Netherlands","851680",42,1),(24,"P.O. Box 264, 2445 Scelerisque Ave","415-4103 Mi, Rd.","Nampa","ID","Guadeloupe","7324YS",77,1),(25,"6773 Lorem Ave","9466 Nulla Av.","Abeokuta","Ogun","Malawi","2476",65,4),(26,"P.O. Box 874, 7799 Mauris Rd.","213-9262 Mauris St.","Vienna","Vienna","Slovenia","9799RH",63,2),(27,"P.O. Box 672, 4606 Ultricies Av.","P.O. Box 889, 8140 Est Ave","Belfast","U","Costa Rica","4918",9,4),(28,"826-1448 Nec, St.","657-2265 Nisl. Ave","Santa Maria","RS","Jordan","51818",51,4),(29,"335-5556 Nulla. Street","1314 Etiam Av.","Waiuku","North Island","Sint Maarten","53691",76,2),(30,"P.O. Box 286, 2653 Quis Rd.","P.O. Box 282, 2218 Class Ave","Santa Fiora","TOS","Tonga","20605",81,1),(31,"P.O. Box 445, 3384 Donec St.","282-1816 Felis. Rd.","Alix","Alberta","Argentina","07749",48,3),(32,"8386 Congue Avenue","Ap #448-2298 Tempor Av.","Vienna","Wie","Luxembourg","3778CH",70,5),(33,"493-9177 Sem Av.","P.O. Box 561, 5239 Arcu Street","Vetlanda","Jönköpings län","Pitcairn Islands","29158",86,5),(34,"424-3579 Mauris Avenue","P.O. Box 577, 7885 Feugiat Rd.","Berlin","BE","Antarctica","31996",51,3),(35,"4541 Eros Rd.","Ap #496-5837 Risus. Rd.","Warszawa","Mazowieckie","Costa Rica","69359",63,5),(36,"Ap #816-4096 Morbi St.","217-2108 Magna. Avenue","Rhisnes","Namen","Equatorial Guinea","3274IL",74,1),(37,"2446 Duis Av.","418-7611 Ut Avenue","Whangarei","North Island","Kiribati","28618-068",60,1),(38,"Ap #547-7577 Molestie Av.","1013 Leo Rd.","Belfast","U","Palau","4880UI",53,4),(39,"7122 Sit St.","Ap #802-8775 Cursus Ave","Bilbo","Euskadi","Yemen","86790",4,1),(40,"9864 Vivamus Street","136-2549 Risus. St.","Bremerhaven","Bremen","Senegal","0036BZ",38,5),(41,"109-3446 Eros. Rd.","8571 Facilisis. Avenue","Madison","Wisconsin","Côte D'Ivoire (Ivory Coast)","34748-402",65,3),(42,"P.O. Box 160, 5276 Fermentum St.","Ap #423-1026 Tincidunt St.","Kukatpalle","AP","Cyprus","92334-326",87,3),(43,"Ap #650-7028 Lectus St.","4565 Sed Rd.","Schore","WV","El Salvador","02758-379",37,2),(44,"4800 Ante. St.","Ap #425-3664 Feugiat Street","Vienna","Vienna","Seychelles","7028",57,3),(45,"P.O. Box 531, 7061 Ipsum Road","287-5926 Sed, Street","Pamplona","NA","Togo","561102",5,2),(46,"P.O. Box 466, 1434 Eget Rd.","819-6824 Pede. Ave","Aserrí","SJ","Morocco","77992-602",38,2),(47,"Ap #554-2044 Est. Ave","348-7398 A, Street","Antakya","Hat","Cook Islands","12950",94,2),(48,"P.O. Box 194, 9039 Semper Street","8638 Tellus Av.","A Coruña","GA","Netherlands","WM8 3AJ",88,2),(49,"P.O. Box 515, 8322 Metus. Avenue","4967 Lectus Ave","Pedro Aguirre Cerda","RM","Switzerland","2380MS",89,5),(50,"P.O. Box 196, 5564 A, Av.","113-5035 Pellentesque, Av.","Leighton Buzzard","BD","Lebanon","85897",13,5),(51,"P.O. Box 114, 7962 Tellus. St.","658-4849 Fringilla Rd.","Richmond Hill","ON","Jersey","41923",90,5),(52,"Ap #980-9735 Morbi Rd.","9393 Vel Street","Timaru","South Island","United States","96017",51,4),(53,"4458 Ornare, St.","P.O. Box 457, 3832 Interdum Road","Belfast","Ulster","Guinea-Bissau","320399",76,4),(54,"636-308 Lacus. Av.","584-9011 Hendrerit Road","Kinross","Kinross-shire","Tunisia","H2H 1A9",58,2),(55,"390-9934 Odio. Av.","P.O. Box 618, 1943 Eu, Rd.","Huntly","North Island","Saint Pierre and Miquelon","72679",94,3),(56,"P.O. Box 453, 9264 Commodo Rd.","P.O. Box 432, 5745 Ac Road","Perth","PE","New Zealand","61616",11,2),(57,"484-4656 Euismod St.","580-9162 Aenean Street","Fort Collins","CO","Portugal","273221",61,5),(58,"Ap #868-5847 Suspendisse Street","Ap #662-4206 Auctor, Ave","Ergani","Diyarbakır","Netherlands","26664-160",38,4),(59,"P.O. Box 882, 8484 Sodales St.","P.O. Box 964, 8143 Arcu. Avenue","Linköping","E","Bahrain","2886",1,3),(60,"P.O. Box 340, 6033 Phasellus St.","Ap #408-6053 Enim. Street","Mersin","Mer","Japan","7321",74,2),(61,"P.O. Box 997, 2783 Erat Street","P.O. Box 692, 5425 Luctus Street","Ödemiş","İzmir","Liechtenstein","19326",90,5),(62,"9161 Eget, Av.","Ap #582-9330 Eget, Street","Oviedo","Principado de Asturias","Congo, the Democratic Republic of the","6263FL",74,2),(63,"Ap #813-3754 Id, Road","661-5949 Risus. Ave","Calder","SK","Ethiopia","1140ZF",13,3),(64,"P.O. Box 943, 7226 Proin Street","327 Varius Avenue","Belfast","Ulster","Madagascar","15860-657",53,3),(65,"Ap #823-1463 Aliquam Rd.","6683 Non Road","North Saanich","British Columbia","South Africa","V1W 9C9",41,4),(66,"9544 Vitae St.","Ap #718-2245 Semper. Avenue","Belfast","Ulster","Hong Kong","29833",53,4),(67,"7176 Rutrum Avenue","8956 Et Rd.","Vienna","Vienna","Slovakia","4789",22,2),(68,"P.O. Box 312, 989 Ullamcorper St.","Ap #254-5742 Curabitur Rd.","Te Puke","NI","Guyana","984003",8,2),(69,"760-6750 Eget St.","P.O. Box 686, 4478 At Rd.","San Antonio","TX","Curaçao","13077",97,3),(70,"4778 Tortor Avenue","P.O. Box 178, 2684 Sit Avenue","Recoleta","Metropolitana de Santiago","Nicaragua","1903",39,4),(71,"P.O. Box 251, 8622 Tellus. Avenue","Ap #995-3646 Nullam Av.","Talagante","RM","Afghanistan","N74 6AV",7,2),(72,"P.O. Box 168, 8181 Risus. Avenue","P.O. Box 751, 1612 Purus. Av.","San Juan de Dios","San José","Spain","44734",20,2),(73,"790-2874 Metus St.","855-4732 Nisl Avenue","Siedlce","MA","Guadeloupe","7033",23,1),(74,"680-3203 Praesent Ave","P.O. Box 516, 2648 Vulputate, Road","Weiz","Styria","Greenland","85959-558",74,2),(75,"Ap #418-8240 Habitant St.","337-7916 Nisl Road","Memphis","TN","Nicaragua","6330",58,5),(76,"565-7369 Ridiculus St.","P.O. Box 187, 549 Senectus Avenue","North Shore","NI","Holy See (Vatican City State)","58412",14,1),(77,"Ap #556-2622 Posuere Rd.","3700 Neque Rd.","Todi","UMB","Turkey","75371",66,5),(78,"3464 Non Ave","P.O. Box 408, 6884 Quis, Ave","Greymouth","South Island","Sweden","04866",64,4),(79,"3457 Dolor Rd.","1150 Euismod Ave","Créteil","IL","Ireland","69577",3,3),(80,"768-8950 Elit. Rd.","P.O. Box 925, 2952 Tincidunt St.","Lerwick","SH","Saint Lucia","74420",31,3),(81,"8556 Fusce St.","3023 Ante Avenue","Middelburg","Zeeland","Bulgaria","4760",97,4),(82,"642-3929 Rutrum St.","Ap #137-4011 Non, Rd.","Bergen op Zoom","N.","Yemen","00010",87,3),(83,"P.O. Box 817, 3429 Sodales St.","Ap #562-8630 Nascetur St.","La Rochelle","PO","Qatar","5719",84,3),(84,"P.O. Box 434, 1041 Dictum St.","547-1995 Etiam Ave","Chastre-Villeroux-Blanmont","WB","Svalbard and Jan Mayen Islands","9128",69,1),(85,"Ap #462-8577 Blandit Ave","Ap #941-8944 Tincidunt Rd.","Huelva","Andalucía","Vanuatu","3117",6,3),(86,"Ap #515-6948 Odio, Av.","8661 Pellentesque Rd.","Rochester","Minnesota","Saint Helena, Ascension and Tristan da Cunha","58591",68,5),(87,"Ap #207-8256 Euismod Road","P.O. Box 897, 7360 Nunc Road","Taupo","North Island","Uzbekistan","G4T 8V6",20,1),(88,"3539 Nunc Avenue","2452 Cursus St.","Eugene","Oregon","Argentina","979480",89,2),(89,"7859 In Avenue","1362 Aliquam Road","Villa Cortese","Lombardia","Angola","75150",21,5),(90,"477-3740 Et Av.","Ap #810-4813 Commodo Avenue","Sapele","Delta","Saint Vincent and The Grenadines","59174",77,4),(91,"Ap #902-1435 Neque Av.","2463 Faucibus Road","Berlin","Berlin","Malawi","71502",87,5),(92,"P.O. Box 166, 728 Sapien. St.","Ap #270-2609 Lacus. Street","Galway","C","Malta","3953HL",28,1),(93,"P.O. Box 286, 3843 Ullamcorper Avenue","Ap #486-3333 Gravida. St.","Ankara","Ankara","Hong Kong","74037",16,4),(94,"854-5716 Ornare, Rd.","412-9336 Vivamus Road","Millet","Alberta","Dominican Republic","78-048",5,5),(95,"3432 Amet, St.","Ap #861-2949 Amet St.","Joué-lès-Tours","CE","United Arab Emirates","69978",40,5),(96,"P.O. Box 485, 7130 Semper Ave","Ap #437-4650 Cras Rd.","Kano","KN","South Africa","0773AJ",94,5),(97,"P.O. Box 716, 7447 Luctus St.","291-2526 Erat. Rd.","Logroño","LR","Sierra Leone","88-968",73,4),(98,"Ap #268-7432 Odio Road","533-668 Vitae, Road","Cisterna di Latina","LAZ","Seychelles","583138",68,1),(99,"7548 Nunc Rd.","1257 Bibendum Avenue","Limena","VEN","Burundi","8286",44,1),(100,"Ap #133-8541 Maecenas Street","P.O. Box 719, 3699 Nulla. Av.","Dublin","Leinster","Andorra","60962",39,2);
INSERT INTO `rewards` (`id`,`name`,`description`,`rewardValue`) VALUES (1,"augue porttitor","orci. Donec nibh. Quisque nonummy ipsum non arcu. Vivamus sit",183),(2,"et magnis","Cras convallis convallis dolor. Quisque tincidunt pede ac urna. Ut",155),(3,"laoreet ipsum.","vel nisl. Quisque fringilla euismod enim. Etiam gravida molestie arcu.",280),(4,"nisi. Aenean","sagittis. Duis gravida. Praesent eu nulla at sem molestie sodales.",292),(5,"Cras convallis","Nullam scelerisque neque sed sem egestas blandit. Nam nulla magna,",295),(6,"libero lacus,","ante, iaculis nec, eleifend non, dapibus rutrum, justo. Praesent luctus.",175),(7,"eleifend non,","nibh lacinia orci, consectetuer euismod est arcu ac orci. Ut",411),(8,"cursus, diam","ut, nulla. Cras eu tellus eu augue porttitor interdum. Sed",124),(9,"Sed nec","enim, condimentum eget, volutpat ornare, facilisis eget, ipsum. Donec sollicitudin",991),(10,"arcu imperdiet","diam. Pellentesque habitant morbi tristique senectus et netus et malesuada",822),(11,"a, enim.","tortor, dictum eu, placerat eget, venenatis a, magna. Lorem ipsum",309),(12,"neque sed","Sed id risus quis diam luctus lobortis. Class aptent taciti",358),(13,"sapien, cursus","penatibus et magnis dis parturient montes, nascetur ridiculus mus. Aenean",272),(14,"Nunc quis","magna et ipsum cursus vestibulum. Mauris magna. Duis dignissim tempor",48),(15,"ullamcorper, nisl","gravida non, sollicitudin a, malesuada id, erat. Etiam vestibulum massa",582),(16,"eu enim.","libero at auctor ullamcorper, nisl arcu iaculis enim, sit amet",91),(17,"Duis gravida.","dolor sit amet, consectetuer adipiscing elit. Aliquam auctor, velit eget",852),(18,"Phasellus libero","nec orci. Donec nibh. Quisque nonummy ipsum non arcu. Vivamus",756),(19,"non, egestas","dictum ultricies ligula. Nullam enim. Sed nulla ante, iaculis nec,",883),(20,"Cras eget","Etiam gravida molestie arcu. Sed eu nibh vulputate mauris sagittis",594),(21,"Donec tempor,","arcu. Sed et libero. Proin mi. Aliquam gravida mauris ut",449),(22,"risus. Nunc","dictum eu, eleifend nec, malesuada ut, sem. Nulla interdum. Curabitur",600),(23,"tellus. Suspendisse","Fusce dolor quam, elementum at, egestas a, scelerisque sed, sapien.",437),(24,"nec urna","Cum sociis natoque penatibus et magnis dis parturient montes, nascetur",857),(25,"metus eu","volutpat ornare, facilisis eget, ipsum. Donec sollicitudin adipiscing ligula. Aenean",158),(26,"cubilia Curae;","pede. Suspendisse dui. Fusce diam nunc, ullamcorper eu, euismod ac,",659),(27,"aliquet diam.","pharetra sed, hendrerit a, arcu. Sed et libero. Proin mi.",577),(28,"vel sapien","et, euismod et, commodo at, libero. Morbi accumsan laoreet ipsum.",460),(29,"mattis ornare,","Nullam lobortis quam a felis ullamcorper viverra. Maecenas iaculis aliquet",254),(30,"quis massa.","Cum sociis natoque penatibus et magnis dis parturient montes, nascetur",505),(31,"Fusce aliquet","at sem molestie sodales. Mauris blandit enim consequat purus. Maecenas",861),(32,"odio sagittis","et, magna. Praesent interdum ligula eu enim. Etiam imperdiet dictum",706),(33,"elit. Aliquam","est ac mattis semper, dui lectus rutrum urna, nec luctus",357),(34,"Integer urna.","Morbi non sapien molestie orci tincidunt adipiscing. Mauris molestie pharetra",466),(35,"amet, dapibus","vel, venenatis vel, faucibus id, libero. Donec consectetuer mauris id",309),(36,"Nullam vitae","vitae mauris sit amet lorem semper auctor. Mauris vel turpis.",421),(37,"nibh lacinia","bibendum ullamcorper. Duis cursus, diam at pretium aliquet, metus urna",880),(38,"Aliquam ornare,","quis, tristique ac, eleifend vitae, erat. Vivamus nisi. Mauris nulla.",364),(39,"eu nulla","Donec feugiat metus sit amet ante. Vivamus non lorem vitae",51),(40,"non leo.","Class aptent taciti sociosqu ad litora torquent per conubia nostra,",641),(41,"non massa","Vestibulum ut eros non enim commodo hendrerit. Donec porttitor tellus",414),(42,"pede, nonummy","eget lacus. Mauris non dui nec urna suscipit nonummy. Fusce",974),(43,"placerat eget,","orci, adipiscing non, luctus sit amet, faucibus ut, nulla. Cras",915),(44,"montes, nascetur","amet massa. Quisque porttitor eros nec tellus. Nunc lectus pede,",70),(45,"a, magna.","Aliquam adipiscing lobortis risus. In mi pede, nonummy ut, molestie",246),(46,"Suspendisse non","scelerisque dui. Suspendisse ac metus vitae velit egestas lacinia. Sed",127),(47,"orci luctus","ultricies ligula. Nullam enim. Sed nulla ante, iaculis nec, eleifend",938),(48,"volutpat. Nulla","Nulla eget metus eu erat semper rutrum. Fusce dolor quam,",141),(49,"Aliquam rutrum","Cum sociis natoque penatibus et magnis dis parturient montes, nascetur",890),(50,"non, hendrerit","Duis elementum, dui quis accumsan convallis, ante lectus convallis est,",957),(51,"sit amet,","laoreet lectus quis massa. Mauris vestibulum, neque sed dictum eleifend,",211),(52,"nec, diam.","sagittis. Duis gravida. Praesent eu nulla at sem molestie sodales.",696),(53,"in, cursus","risus quis diam luctus lobortis. Class aptent taciti sociosqu ad",456),(54,"neque tellus,","massa non ante bibendum ullamcorper. Duis cursus, diam at pretium",659),(55,"amet ornare","dolor dolor, tempus non, lacinia at, iaculis quis, pede. Praesent",616),(56,"dui quis","euismod et, commodo at, libero. Morbi accumsan laoreet ipsum. Curabitur",974),(57,"ultricies ornare,","eu nulla at sem molestie sodales. Mauris blandit enim consequat",647),(58,"quis, pede.","neque. Morbi quis urna. Nunc quis arcu vel quam dignissim",714),(59,"libero. Integer","facilisis eget, ipsum. Donec sollicitudin adipiscing ligula. Aenean gravida nunc",803),(60,"Nam tempor","magnis dis parturient montes, nascetur ridiculus mus. Proin vel nisl.",718),(61,"Cras eu","Nunc mauris elit, dictum eu, eleifend nec, malesuada ut, sem.",670),(62,"egestas ligula.","sem mollis dui, in sodales elit erat vitae risus. Duis",665),(63,"adipiscing. Mauris","vitae diam. Proin dolor. Nulla semper tellus id nunc interdum",154),(64,"vulputate, lacus.","In at pede. Cras vulputate velit eu sem. Pellentesque ut",613),(65,"Phasellus vitae","elit. Aliquam auctor, velit eget laoreet posuere, enim nisl elementum",648),(66,"semper tellus","velit. Quisque varius. Nam porttitor scelerisque neque. Nullam nisl. Maecenas",795),(67,"porttitor tellus","et netus et malesuada fames ac turpis egestas. Aliquam fringilla",896),(68,"habitant morbi","a, facilisis non, bibendum sed, est. Nunc laoreet lectus quis",123),(69,"Aliquam nisl.","sagittis placerat. Cras dictum ultricies ligula. Nullam enim. Sed nulla",378),(70,"vel nisl.","non quam. Pellentesque habitant morbi tristique senectus et netus et",895),(71,"egestas hendrerit","a, facilisis non, bibendum sed, est. Nunc laoreet lectus quis",375),(72,"et magnis","elit, pellentesque a, facilisis non, bibendum sed, est. Nunc laoreet",445),(73,"faucibus orci","tortor. Nunc commodo auctor velit. Aliquam nisl. Nulla eu neque",250),(74,"Nullam suscipit,","aliquam adipiscing lacus. Ut nec urna et arcu imperdiet ullamcorper.",194),(75,"purus mauris","nunc ac mattis ornare, lectus ante dictum mi, ac mattis",154),(76,"et magnis","pellentesque a, facilisis non, bibendum sed, est. Nunc laoreet lectus",72),(77,"pede. Suspendisse","non, dapibus rutrum, justo. Praesent luctus. Curabitur egestas nunc sed",110),(78,"malesuada id,","cursus, diam at pretium aliquet, metus urna convallis erat, eget",538),(79,"dolor. Quisque","at, velit. Cras lorem lorem, luctus ut, pellentesque eget, dictum",912),(80,"arcu. Curabitur","sit amet ante. Vivamus non lorem vitae odio sagittis semper.",160),(81,"nulla. Integer","non ante bibendum ullamcorper. Duis cursus, diam at pretium aliquet,",597),(82,"non ante","elementum, dui quis accumsan convallis, ante lectus convallis est, vitae",177),(83,"mollis nec,","sem magna nec quam. Curabitur vel lectus. Cum sociis natoque",77),(84,"neque vitae","cursus in, hendrerit consectetuer, cursus et, magna. Praesent interdum ligula",312),(85,"dapibus id,","luctus aliquet odio. Etiam ligula tortor, dictum eu, placerat eget,",502),(86,"eu, accumsan","a, scelerisque sed, sapien. Nunc pulvinar arcu et pede. Nunc",937),(87,"turpis vitae","odio, auctor vitae, aliquet nec, imperdiet nec, leo. Morbi neque",841),(88,"vel pede","laoreet posuere, enim nisl elementum purus, accumsan interdum libero dui",615),(89,"risus. In","vel, faucibus id, libero. Donec consectetuer mauris id sapien. Cras",288),(90,"Nullam feugiat","pulvinar arcu et pede. Nunc sed orci lobortis augue scelerisque",882),(91,"tempor arcu.","massa. Suspendisse eleifend. Cras sed leo. Cras vehicula aliquet libero.",427),(92,"consectetuer adipiscing","Maecenas iaculis aliquet diam. Sed diam lorem, auctor quis, tristique",502),(93,"Nunc pulvinar","venenatis a, magna. Lorem ipsum dolor sit amet, consectetuer adipiscing",855),(94,"sem semper","pretium et, rutrum non, hendrerit id, ante. Nunc mauris sapien,",966),(95,"elementum, lorem","dui. Fusce diam nunc, ullamcorper eu, euismod ac, fermentum vel,",908),(96,"mollis dui,","aliquam arcu. Aliquam ultrices iaculis odio. Nam interdum enim non",162),(97,"hendrerit consectetuer,","mi enim, condimentum eget, volutpat ornare, facilisis eget, ipsum. Donec",888),(98,"pede ac","nec mauris blandit mattis. Cras eget nisi dictum augue malesuada",780),(99,"imperdiet nec,","adipiscing. Mauris molestie pharetra nibh. Aliquam ornare, libero at auctor",148),(100,"metus. Vivamus","aliquam, enim nec tempus scelerisque, lorem ipsum sodales purus, in",520);
INSERT INTO `errands` (`creationDate`,`completionDate`,`deadline`,`rewardId`,`statusTypeId`,`importanceTypeId`,`userIdCustomer`,`userIdGopher`) VALUES ("2017-02-16 19:57:25","2016-03-18 07:12:11","2016-12-29 11:46:19",53,1,5,50,84),("2016-08-28 16:46:59","2016-09-23 05:27:07","2015-05-26 03:53:06",92,2,3,19,98),("2015-04-25 11:25:09","2016-07-26 21:44:05","2015-08-21 05:34:34",39,3,5,28,62),("2015-03-26 20:23:02","2016-08-26 15:37:31","2017-01-08 00:30:13",5,2,2,35,84),("2016-11-01 07:22:11","2016-09-28 04:36:01","2016-12-20 04:31:57",84,1,1,32,54),("2016-02-06 14:22:43","2016-11-17 05:29:14","2015-06-22 07:52:38",71,1,5,47,62),("2016-01-23 00:14:38","2015-09-12 08:06:08","2017-02-06 01:50:45",16,3,5,42,96),("2015-06-20 21:59:23","2016-02-27 10:38:52","2017-01-15 01:06:51",72,1,3,47,68),("2015-12-18 21:43:23","2015-09-02 13:02:38","2015-09-16 10:25:57",57,2,5,24,86),("2016-08-11 15:03:28","2015-10-25 23:40:45","2016-11-05 22:23:44",17,2,2,18,93),("2016-03-26 10:05:19","2016-01-22 06:09:00","2016-12-29 01:24:24",69,2,3,19,89),("2015-07-13 19:49:24","2016-01-24 08:26:38","2016-07-07 07:07:25",99,2,1,5,67),("2016-11-08 15:09:34","2015-03-24 23:34:22","2016-01-30 00:33:47",24,1,5,26,75),("2016-07-03 16:40:47","2016-09-25 13:11:48","2016-04-23 03:09:15",11,3,1,47,53),("2016-12-10 07:57:52","2016-07-21 17:37:10","2015-10-11 21:15:30",91,2,2,4,84),("2017-02-16 08:01:30","2015-11-14 11:35:47","2016-08-17 10:46:48",9,1,3,21,54),("2015-06-18 17:35:59","2015-12-08 07:24:55","2016-09-08 05:20:52",39,3,2,6,96),("2015-07-13 15:23:15","2016-03-22 04:07:19","2015-06-14 07:23:58",50,3,1,30,76),("2015-11-30 08:21:45","2016-10-14 14:56:32","2015-04-05 17:20:33",24,3,3,14,80),("2016-10-04 13:28:21","2016-11-05 19:06:15","2016-02-02 19:45:10",24,2,5,8,60),("2017-02-15 08:34:12","2016-01-31 15:02:45","2015-05-22 11:54:00",13,2,2,39,66),("2016-09-19 09:17:46","2016-02-06 13:11:25","2016-01-22 03:16:40",34,3,4,16,78),("2015-09-28 10:05:23","2015-09-01 18:44:34","2016-12-21 13:47:55",40,1,2,20,94),("2016-09-13 10:04:59","2016-07-11 17:11:22","2016-05-18 11:19:16",68,2,5,23,55),("2015-08-29 23:40:45","2017-02-13 17:01:05","2015-10-15 13:35:07",17,2,2,39,98),("2016-02-09 06:55:09","2016-03-11 12:39:25","2016-09-15 01:51:22",34,1,3,50,80),("2015-11-20 09:47:44","2016-03-17 10:59:21","2016-04-03 03:22:42",74,2,3,14,99),("2015-08-17 19:52:14","2015-12-22 15:14:27","2015-06-26 03:05:34",35,2,1,18,94),("2016-10-07 14:46:49","2016-05-21 01:45:26","2016-03-05 21:22:49",48,2,3,50,86),("2016-02-25 11:13:43","2017-01-28 17:10:35","2016-03-18 23:45:34",49,2,4,12,75),("2017-01-26 16:57:34","2016-04-11 10:13:51","2015-06-30 08:44:21",13,1,2,11,91),("2016-05-13 22:12:38","2016-12-06 07:14:58","2016-03-01 19:04:29",11,3,1,8,56),("2016-01-20 11:57:29","2015-06-25 15:03:10","2017-03-01 21:41:22",99,2,1,19,59),("2017-02-02 11:14:07","2017-01-04 04:59:13","2015-06-17 12:06:42",89,1,1,33,81),("2016-12-06 13:44:53","2015-07-02 00:26:40","2015-05-18 16:53:27",92,1,3,7,100),("2015-03-03 18:46:26","2016-07-28 22:13:29","2016-08-06 19:01:42",26,3,2,23,86),("2016-02-19 13:58:07","2015-07-12 10:59:36","2016-04-29 12:26:38",83,3,1,1,56),("2016-04-04 22:00:07","2016-10-12 15:15:57","2015-03-03 08:52:35",39,2,5,39,81),("2015-04-19 12:20:28","2015-10-03 19:15:33","2016-08-24 16:38:51",1,2,2,50,87),("2015-06-01 19:54:31","2015-03-31 17:58:49","2016-11-09 14:56:25",100,3,4,7,56),("2016-09-14 19:04:45","2016-10-13 00:28:56","2016-04-03 08:48:12",20,1,2,17,65),("2015-10-14 15:51:53","2015-12-04 10:30:48","2016-03-08 04:09:09",35,1,5,12,70),("2016-10-03 19:00:21","2017-02-11 10:47:10","2015-05-29 12:58:40",37,2,1,39,92),("2016-06-05 22:16:53","2016-01-21 01:44:27","2016-12-24 13:42:07",80,1,1,23,90),("2016-11-07 09:49:20","2015-10-10 02:01:45","2016-07-30 22:49:15",39,2,4,36,92),("2015-07-11 16:29:53","2016-11-05 01:05:30","2015-11-22 09:44:14",30,2,1,48,53),("2015-05-22 23:14:05","2015-11-30 19:37:10","2016-11-13 20:01:28",63,2,3,27,92),("2015-03-10 01:04:42","2015-11-26 14:27:30","2015-11-23 11:20:18",97,1,3,11,91),("2016-11-14 19:27:40","2017-01-29 05:31:50","2015-11-22 15:08:36",32,1,4,31,91),("2015-07-14 04:03:51","2015-12-14 19:41:30","2016-05-12 21:31:13",49,3,4,25,69),("2015-04-04 11:04:42","2016-06-18 12:47:57","2017-02-01 07:39:24",61,3,1,25,77),("2015-06-05 08:28:00","2015-08-24 02:22:17","2017-01-13 17:28:37",11,3,2,20,98),("2015-07-23 21:33:34","2015-07-19 23:58:13","2016-09-07 07:01:20",3,2,3,25,69),("2016-03-25 23:51:01","2016-04-07 20:29:19","2017-02-18 14:20:08",47,2,3,28,71),("2015-10-09 19:24:45","2017-02-25 02:10:41","2016-03-21 03:55:53",89,1,2,13,85),("2015-06-16 14:19:52","2015-10-05 16:08:03","2016-03-19 22:57:36",60,2,2,28,62),("2017-01-02 05:07:48","2015-03-08 01:45:46","2016-07-13 17:25:38",10,3,1,12,64),("2015-06-14 11:35:19","2016-07-08 10:26:06","2016-11-13 21:49:14",51,3,2,42,88),("2016-12-26 11:31:12","2016-12-25 15:09:14","2016-06-03 13:44:24",30,2,5,26,73),("2016-11-08 17:57:04","2016-08-14 23:38:26","2015-03-06 23:32:21",45,1,2,36,96),("2016-05-02 14:10:17","2015-11-19 18:24:06","2016-11-12 08:20:31",21,1,4,33,61),("2016-09-10 12:29:45","2015-07-19 18:46:57","2015-10-29 09:29:22",45,3,1,28,67),("2015-08-13 03:56:39","2016-07-03 17:50:17","2015-03-24 20:20:40",13,1,4,49,58),("2016-03-20 07:11:51","2015-07-20 19:05:52","2016-12-29 10:38:43",29,3,5,14,74),("2015-04-29 01:39:57","2015-08-06 13:44:10","2017-01-09 18:18:56",37,3,3,41,89),("2016-12-16 16:44:25","2016-12-03 14:40:28","2016-05-31 08:23:29",49,3,1,49,78),("2015-08-06 14:53:27","2016-11-10 21:12:58","2016-11-03 11:43:10",27,3,4,18,77),("2015-08-21 04:37:51","2016-09-28 11:25:48","2016-05-16 00:37:01",81,1,5,25,51),("2015-05-23 20:00:58","2015-09-08 19:11:01","2016-07-31 07:53:48",31,2,3,28,55),("2015-10-23 20:26:21","2015-09-30 14:23:11","2016-07-09 03:02:07",100,1,1,25,70),("2016-01-24 21:24:40","2015-05-11 11:13:53","2015-12-25 14:18:35",88,3,2,34,56),("2016-10-27 13:56:22","2015-06-12 22:52:28","2016-11-29 22:07:44",60,3,1,48,80),("2016-03-30 04:20:52","2016-12-16 19:05:56","2015-03-18 22:32:39",7,3,3,15,63),("2015-04-03 14:50:22","2016-09-03 10:52:08","2016-11-19 08:08:46",58,3,4,22,76),("2016-04-26 01:36:02","2016-11-11 06:06:54","2016-02-17 20:50:27",10,2,5,17,88),("2016-07-28 10:53:44","2016-01-03 01:23:18","2017-02-15 07:08:48",12,3,3,14,62),("2016-08-24 17:40:27","2015-05-19 12:55:04","2015-11-22 14:57:06",31,2,3,50,96),("2016-10-17 17:50:21","2017-01-15 02:38:49","2016-09-16 21:27:14",8,3,1,35,59),("2016-05-19 10:24:00","2016-05-07 11:12:54","2016-08-03 22:37:35",16,2,4,1,72),("2015-08-18 06:56:00","2015-03-18 13:10:42","2015-08-24 16:18:32",81,2,5,16,76),("2016-05-31 21:49:56","2017-02-06 09:07:03","2016-06-08 01:12:37",83,3,1,9,57),("2015-12-01 09:10:41","2016-12-26 00:02:47","2016-02-18 20:07:34",86,3,1,33,80),("2015-05-16 18:06:40","2016-06-20 12:38:22","2016-03-17 23:53:03",39,3,2,22,58),("2016-02-28 21:45:46","2016-06-24 21:10:11","2016-02-20 02:27:43",42,1,5,12,65),("2015-08-04 00:51:13","2015-08-03 11:35:02","2016-12-24 18:46:48",31,2,2,16,65),("2016-01-02 06:46:41","2016-03-20 06:05:15","2015-04-14 17:02:38",73,1,5,34,92),("2015-10-31 08:58:52","2015-06-22 17:05:10","2017-01-02 09:47:23",100,3,4,43,89),("2016-04-21 00:35:31","2015-09-13 00:40:01","2016-05-16 23:03:40",95,1,2,3,59),("2016-07-06 06:07:31","2016-08-21 06:48:28","2015-04-11 05:10:48",50,2,2,31,63),("2015-10-24 01:34:18","2016-06-29 11:18:39","2015-12-25 20:06:16",17,3,5,37,96),("2015-10-17 03:46:31","2015-07-27 00:25:35","2015-07-08 11:46:08",77,1,3,8,66),("2016-03-18 19:02:21","2015-05-14 18:50:08","2016-09-26 07:35:51",5,2,1,15,75),("2015-06-13 17:52:26","2016-06-14 19:17:08","2015-07-21 22:56:07",6,3,3,21,92),("2015-10-12 13:11:39","2016-08-24 19:01:47","2016-06-15 06:02:41",78,2,4,40,86),("2015-05-22 10:57:44","2016-04-18 20:34:17","2015-03-17 01:43:38",45,1,4,22,88),("2016-10-08 12:12:08","2016-01-08 13:57:26","2016-03-25 15:43:35",47,1,4,15,85),("2015-08-16 22:49:16","2015-10-19 06:46:12","2016-10-04 06:00:44",1,3,4,19,83),("2015-12-23 05:04:13","2017-01-13 12:36:14","2015-04-08 08:44:37",51,1,1,36,64),("2016-11-01 20:32:25","2015-08-18 15:38:19","2016-12-01 11:07:19",74,2,4,50,91),("2015-10-09 00:19:11","2016-12-21 18:44:39","2016-08-27 06:50:33",44,1,1,31,95);
INSERT INTO `categories` (`id`,`name`) VALUES (1,"quam,"),(2,"vel,"),(3,"Cum"),(4,"aliquet"),(5,"Vivamus"),(6,"lorem,"),(7,"lorem,"),(8,"magna"),(9,"vel,"),(10,"luctus"),(11,"morbi"),(12,"Sed"),(13,"nulla"),(14,"congue"),(15,"dolor,"),(16,"eget"),(17,"vulputate"),(18,"Cras"),(19,"pede,"),(20,"neque"),(21,"Duis"),(22,"eu"),(23,"non"),(24,"tincidunt"),(25,"dictum"),(26,"varius."),(27,"conubia"),(28,"consectetuer"),(29,"luctus"),(30,"ullamcorper"),(31,"Suspendisse"),(32,"purus"),(33,"ac,"),(34,"sit"),(35,"egestas"),(36,"montes,"),(37,"ipsum"),(38,"Quisque"),(39,"varius"),(40,"Suspendisse"),(41,"eu"),(42,"elit."),(43,"amet"),(44,"Phasellus"),(45,"sociis"),(46,"amet"),(47,"sapien,"),(48,"eu"),(49,"morbi"),(50,"Nulla"),(51,"elit"),(52,"nunc"),(53,"Donec"),(54,"cursus"),(55,"ut"),(56,"ligula"),(57,"tempor,"),(58,"vulputate"),(59,"lobortis"),(60,"Proin"),(61,"Morbi"),(62,"Nunc"),(63,"tincidunt"),(64,"mauris"),(65,"et"),(66,"lorem,"),(67,"eu"),(68,"pede,"),(69,"vitae"),(70,"malesuada"),(71,"arcu"),(72,"massa"),(73,"dapibus"),(74,"In"),(75,"elit,"),(76,"in,"),(77,"volutpat"),(78,"Proin"),(79,"molestie"),(80,"Mauris"),(81,"tellus"),(82,"id,"),(83,"molestie"),(84,"lectus."),(85,"a"),(86,"Phasellus"),(87,"porttitor"),(88,"risus"),(89,"tellus"),(90,"vel,"),(91,"orci."),(92,"orci."),(93,"vel"),(94,"venenatis"),(95,"Cum"),(96,"sodales"),(97,"neque."),(98,"ac"),(99,"Integer"),(100,"porta");
INSERT INTO `errand_categories` (`errandId`,`categoryId`) VALUES (70,48),(52,56),(86,86),(16,7),(21,23),(56,66),(40,42),(91,51),(23,23),(34,59),(16,26),(45,84),(88,84),(83,19),(32,54),(56,52),(19,84),(57,8),(48,98),(40,2),(1,81),(93,8),(93,98),(65,94),(41,20),(47,47),(78,83),(90,70),(33,60),(71,93),(75,9),(46,19),(20,79),(65,47),(35,85),(22,76),(51,59),(63,32),(8,92),(91,15),(48,67),(10,46),(15,64),(65,62),(2,87),(43,50),(89,2),(94,92),(14,7),(52,37),(6,34),(96,47),(69,48),(78,21),(59,38),(28,21),(26,96),(44,23),(71,100),(68,74),(29,87),(34,83),(60,60),(14,94),(99,100),(57,38),(74,43),(33,66),(95,9),(36,2),(21,38),(44,39),(91,96),(52,33),(36,45),(30,98),(39,3),(41,83),(70,55),(59,35),(54,69),(68,65),(62,11),(28,53),(36,87),(62,20),(92,3),(25,29),(18,7),(29,88),(32,6),(70,98),(38,50),(69,41),(43,76),(40,11),(7,36),(88,28),(3,82),(6,10);
INSERT INTO `ratings` (`id`,`ratingValue`,`comments`,`creationDate`,`userIdRated`,`userIdRater`,`errandId`) VALUES (1,7,"pede blandit congue. In scelerisque scelerisque dui. Suspendisse","2015-03-02 22:02:32",19,13,70),(2,2,"feugiat.","2016-09-21 18:47:36",30,57,45),(3,1,"non magna. Nam ligula elit, pretium et, rutrum non,","2016-08-22 01:49:09",46,93,90),(4,8,"vulputate dui,","2016-05-10 13:34:49",17,82,78),(5,9,"rutrum lorem ac risus. Morbi","2016-08-02 18:05:01",93,78,81),(6,2,"aliquet molestie tellus. Aenean egestas hendrerit neque. In ornare sagittis","2016-01-05 20:03:06",52,45,52),(7,10,"Nulla facilisis. Suspendisse commodo tincidunt nibh.","2017-01-01 02:45:39",31,31,7),(8,4,"mi pede, nonummy ut, molestie in,","2016-10-11 19:15:57",19,42,59),(9,8,"Duis","2016-04-21 23:44:44",83,26,91),(10,1,"nisi. Mauris nulla. Integer urna. Vivamus molestie dapibus ligula. Aliquam","2016-12-08 23:59:46",10,43,60),(11,8,"sit amet, consectetuer adipiscing elit.","2017-01-06 08:44:42",2,37,7),(12,7,"lectus pede, ultrices a, auctor non, feugiat nec, diam.","2016-08-14 06:20:33",51,32,30),(13,10,"Aliquam fringilla cursus purus. Nullam scelerisque neque sed sem","2016-09-11 14:21:02",4,100,7),(14,6,"aptent taciti sociosqu","2016-07-02 22:47:34",31,42,95),(15,2,"Sed neque. Sed eget lacus. Mauris non","2016-06-03 05:28:56",91,33,64),(16,2,"libero et tristique pellentesque, tellus sem mollis dui,","2015-09-01 05:58:47",100,6,85),(17,10,"congue","2017-01-05 09:26:35",41,12,43),(18,10,"aliquet lobortis, nisi nibh lacinia orci, consectetuer euismod","2017-01-21 05:14:03",37,96,63),(19,2,"convallis erat, eget tincidunt dui augue eu","2015-10-10 04:26:34",89,6,92),(20,1,"cursus. Integer mollis. Integer tincidunt aliquam arcu.","2015-03-18 17:28:31",65,29,20),(21,7,"vitae dolor. Donec fringilla. Donec feugiat","2016-01-24 01:43:52",12,83,81),(22,9,"morbi tristique senectus et netus et malesuada fames ac","2016-09-01 05:30:00",9,82,64),(23,9,"et malesuada fames ac turpis egestas. Fusce aliquet","2016-07-26 19:43:35",28,28,49),(24,5,"metus. Vivamus euismod urna. Nullam","2017-01-30 04:23:10",76,93,77),(25,9,"primis in faucibus orci luctus et","2015-04-27 19:56:44",12,28,3),(26,8,"sem ut cursus luctus, ipsum leo elementum","2015-09-05 17:10:41",39,17,4),(27,10,"Nunc ut erat. Sed nunc est, mollis non,","2015-06-03 16:12:19",47,11,85),(28,8,"pellentesque a, facilisis","2015-06-06 05:15:40",26,87,23),(29,4,"sapien molestie orci tincidunt adipiscing. Mauris","2016-02-08 02:57:44",23,29,80),(30,1,"odio.","2016-05-04 15:12:31",97,28,59),(31,7,"orci.","2015-04-02 00:49:39",70,73,81),(32,8,"vel arcu. Curabitur ut","2016-04-14 09:05:04",6,34,69),(33,6,"sed tortor. Integer","2016-04-26 00:53:51",4,89,31),(34,4,"metus facilisis","2015-06-10 01:56:37",2,51,74),(35,4,"mi, ac mattis velit justo nec ante. Maecenas mi felis,","2016-03-09 10:19:16",77,27,14),(36,3,"risus. Nulla eget metus eu erat semper rutrum.","2016-03-31 02:53:26",45,40,65),(37,6,"malesuada id, erat. Etiam vestibulum massa rutrum magna. Cras convallis","2015-03-21 19:40:20",21,18,45),(38,10,"cursus vestibulum. Mauris","2015-12-04 07:31:54",68,57,84),(39,6,"eu augue porttitor interdum. Sed","2016-01-28 15:27:05",10,32,87),(40,9,"varius orci, in consequat enim diam vel","2016-04-11 17:02:35",6,1,8),(41,4,"in,","2015-06-19 14:16:19",47,20,85),(42,8,"metus vitae velit egestas lacinia.","2015-11-15 05:24:29",95,16,32),(43,1,"ipsum non arcu. Vivamus sit amet","2016-06-08 09:43:04",68,19,98),(44,10,"quam. Curabitur vel lectus. Cum","2015-12-11 22:30:49",59,82,17),(45,2,"metus. Aenean","2017-01-28 04:35:31",83,99,32),(46,8,"gravida. Aliquam tincidunt, nunc ac","2015-07-21 11:38:47",50,13,83),(47,5,"nec, euismod in, dolor. Fusce feugiat. Lorem ipsum dolor","2015-03-21 06:17:27",17,21,87),(48,5,"vel, venenatis vel,","2015-04-15 09:39:44",61,48,3),(49,5,"amet orci. Ut sagittis","2016-11-30 21:44:41",53,93,22),(50,3,"eu nibh vulputate mauris","2015-06-02 01:06:55",31,85,8),(51,1,"quam quis diam. Pellentesque habitant","2015-12-10 13:27:23",95,88,84),(52,7,"malesuada malesuada. Integer id magna et ipsum cursus vestibulum.","2016-02-27 13:32:02",63,67,75),(53,9,"dolor,","2015-05-26 22:31:28",61,34,26),(54,3,"magna. Cras","2015-05-01 21:04:20",25,23,32),(55,4,"dui quis accumsan convallis,","2016-11-13 19:45:35",27,23,38),(56,9,"laoreet posuere, enim nisl elementum purus, accumsan interdum libero","2017-02-06 00:43:44",12,9,30),(57,8,"lacus. Mauris non dui nec urna suscipit","2015-08-08 07:58:16",63,14,98),(58,3,"purus. Duis elementum, dui quis accumsan convallis, ante","2016-10-08 04:13:38",16,41,30),(59,10,"sit amet, consectetuer adipiscing","2015-11-03 22:06:26",36,87,83),(60,5,"Duis volutpat nunc sit","2015-06-03 01:55:46",17,70,72),(61,9,"rutrum, justo. Praesent luctus. Curabitur egestas nunc sed libero.","2016-10-17 21:20:31",28,17,94),(62,3,"Quisque nonummy ipsum non arcu.","2016-06-13 01:01:15",78,40,92),(63,2,"et pede.","2017-03-01 00:08:38",98,33,35),(64,5,"Duis mi enim, condimentum eget,","2016-01-19 00:51:37",41,73,55),(65,3,"eget varius ultrices, mauris ipsum porta elit, a feugiat tellus","2015-04-06 14:40:32",76,96,49),(66,7,"Nunc lectus pede, ultrices a, auctor non,","2015-10-23 11:21:37",27,35,61),(67,1,"congue a, aliquet vel, vulputate eu, odio. Phasellus at augue","2015-05-13 09:07:22",70,13,78),(68,5,"purus","2015-07-10 14:40:17",96,84,39),(69,2,"tempus mauris","2016-07-01 05:33:41",84,30,74),(70,3,"tempus non, lacinia at, iaculis quis, pede. Praesent","2016-12-12 05:56:15",10,25,63),(71,2,"auctor velit. Aliquam nisl. Nulla eu neque","2016-08-04 03:30:20",37,57,56),(72,5,"vel pede blandit congue.","2016-11-10 18:53:42",51,69,48),(73,6,"lectus, a sollicitudin orci sem eget massa. Suspendisse","2015-07-18 18:10:47",96,77,35),(74,3,"erat. Etiam vestibulum massa rutrum magna.","2016-07-27 04:01:56",26,84,62),(75,2,"Phasellus in felis. Nulla tempor","2016-10-23 15:27:30",98,1,50),(76,8,"feugiat tellus lorem eu metus.","2015-04-26 20:26:06",93,14,60),(77,8,"vestibulum. Mauris magna.","2016-09-23 21:52:47",56,89,8),(78,3,"primis in faucibus orci luctus et ultrices","2016-06-23 00:45:32",10,9,55),(79,8,"mauris, rhoncus id, mollis nec,","2016-05-13 19:08:22",56,79,64),(80,3,"ut eros","2015-09-03 20:43:59",21,20,36),(81,7,"semper rutrum. Fusce dolor quam, elementum at, egestas","2015-04-09 12:27:01",1,89,55),(82,8,"volutpat. Nulla facilisis. Suspendisse commodo tincidunt nibh. Phasellus","2016-05-08 16:16:47",82,49,80),(83,9,"Donec tempus, lorem fringilla ornare","2016-06-28 16:05:56",43,98,74),(84,3,"lacus, varius et, euismod et, commodo at, libero. Morbi accumsan","2016-01-08 18:07:31",84,34,92),(85,3,"mollis vitae, posuere at, velit. Cras lorem lorem, luctus","2015-12-18 07:22:27",51,72,74),(86,10,"netus et malesuada","2015-07-27 16:57:37",38,65,63),(87,8,"sit amet,","2016-01-29 06:42:09",97,57,64),(88,4,"ipsum dolor sit amet, consectetuer adipiscing elit. Aliquam auctor,","2015-06-14 12:36:48",21,37,98),(89,3,"ipsum. Suspendisse sagittis. Nullam","2016-01-14 15:37:03",95,38,48),(90,9,"mauris","2015-05-04 07:24:18",22,37,79),(91,7,"elementum sem, vitae aliquam eros turpis non enim.","2016-10-20 02:04:24",46,7,39),(92,6,"amet orci. Ut sagittis lobortis","2015-04-10 14:47:22",63,53,26),(93,3,"neque. Nullam ut nisi a odio","2015-09-19 16:03:31",6,67,72),(94,4,"et","2015-05-04 15:31:20",64,34,11),(95,4,"nonummy. Fusce","2015-10-29 13:46:50",58,89,51),(96,4,"augue scelerisque","2016-07-28 15:22:10",55,93,5),(97,8,"a tortor. Nunc commodo auctor velit. Aliquam nisl. Nulla","2016-02-10 13:46:47",89,85,68),(98,7,"sed pede nec ante blandit viverra.","2015-10-03 12:49:12",85,58,72),(99,4,"Morbi neque tellus, imperdiet non,","2016-10-17 12:35:06",66,80,25),(100,5,"ac ipsum. Phasellus vitae","2015-10-20 18:04:56",63,35,40);
INSERT INTO `tasks` (`name`,`description`,`startDate`,`completionDate`,`errandId`,`addressesId`) VALUES ("vel, venenatis","eu dolor egestas rhoncus. Proin nisl sem, consequat","2015-12-15 09:46:38","2015-05-14 22:53:50",64,66),("at, velit.","Morbi vehicula. Pellentesque tincidunt tempus risus. Donec egestas. Duis","2016-07-17 16:28:49","2016-11-26 10:02:38",55,83),("consequat, lectus","arcu ac orci. Ut semper pretium","2016-01-27 02:55:28","2016-12-02 12:48:52",94,73),("mauris sit","a sollicitudin orci sem eget massa. Suspendisse","2015-09-15 12:27:31","2015-08-24 17:35:56",42,74),("tempor arcu.","pharetra. Nam ac nulla. In tincidunt","2015-05-02 23:16:06","2015-06-24 02:48:52",10,74),("eu enim.","a felis ullamcorper viverra. Maecenas iaculis","2016-07-02 08:16:46","2015-08-27 05:02:10",16,18),("dapibus quam","nisi dictum augue malesuada malesuada. Integer id magna","2015-10-21 12:08:07","2016-03-16 05:51:13",14,16),("Nulla eu","malesuada ut, sem. Nulla interdum. Curabitur dictum. Phasellus in","2016-03-19 18:35:57","2016-12-19 10:55:16",94,11),("diam at","bibendum. Donec felis","2015-07-22 07:03:57","2016-09-07 20:01:51",48,35),("porttitor eros","pede nec ante blandit viverra. Donec tempus, lorem fringilla ornare","2015-04-29 02:08:32","2015-12-24 22:37:35",68,88),("velit egestas","ullamcorper. Duis cursus,","2016-04-23 16:16:24","2015-07-17 09:56:13",85,90),("augue eu","quis diam luctus lobortis. Class aptent","2016-01-24 11:00:21","2015-09-22 00:17:49",44,52),("Nulla dignissim.","ante bibendum","2015-07-01 05:29:18","2016-05-26 13:20:58",27,60),("Sed nulla","mus. Proin vel nisl.","2015-10-23 02:36:57","2015-07-13 14:24:09",16,13),("diam vel","suscipit, est ac facilisis facilisis, magna tellus faucibus leo, in","2015-06-26 16:35:56","2015-12-26 19:51:07",80,8),("tortor. Nunc","risus.","2015-07-12 21:34:13","2015-03-16 19:21:25",7,60),("erat. Vivamus","feugiat tellus lorem eu","2017-01-31 22:46:30","2016-05-04 02:49:43",66,43),("sem molestie","Curabitur ut odio vel est","2016-10-13 10:28:04","2015-04-14 12:18:29",34,41),("lacus. Etiam","quis, pede. Suspendisse dui. Fusce","2016-09-09 05:41:22","2017-01-25 22:31:19",67,60),("nec tellus.","ac libero nec ligula consectetuer rhoncus. Nullam velit","2016-05-03 16:54:02","2016-01-24 23:44:40",86,64),("odio semper","dui, nec","2017-02-02 09:13:46","2016-05-09 18:00:04",46,29),("mauris. Integer","cursus in, hendrerit","2015-12-28 14:18:50","2016-10-22 19:36:21",95,93),("condimentum. Donec","non,","2016-06-12 07:11:28","2016-02-12 12:48:49",26,15),("nulla. Donec","Aliquam","2017-01-26 05:39:50","2016-07-29 01:55:58",35,28),("eu lacus.","ornare, libero","2015-12-30 19:29:04","2015-08-07 10:14:10",38,43),("a, scelerisque","sodales elit erat","2017-02-18 11:06:00","2016-09-16 07:19:37",73,16),("Maecenas ornare","augue scelerisque mollis. Phasellus libero","2016-12-09 17:51:57","2016-11-26 01:17:42",37,12),("orci. Donec","tristique","2015-11-13 20:45:35","2016-12-22 18:24:07",5,65),("Etiam imperdiet","orci. Donec nibh. Quisque nonummy ipsum non","2016-05-18 05:37:44","2015-10-08 00:22:36",46,50),("sapien imperdiet","semper, dui lectus","2015-09-18 20:42:59","2015-07-23 19:24:45",80,14),("Vestibulum ante","elit. Etiam laoreet,","2015-06-20 05:32:22","2015-05-25 18:20:56",3,3),("malesuada malesuada.","Nunc laoreet lectus quis","2017-02-24 04:08:40","2016-02-10 00:48:55",61,21),("Donec tincidunt.","ultricies ligula. Nullam enim.","2016-02-22 10:29:14","2015-12-28 21:10:19",55,70),("congue turpis.","fermentum convallis ligula. Donec luctus aliquet odio. Etiam ligula","2015-12-10 23:34:42","2016-01-30 12:25:15",46,100),("mollis. Phasellus","sed pede nec ante blandit viverra. Donec tempus, lorem","2015-07-21 14:29:56","2016-01-22 11:30:50",33,84),("eu dolor","gravida.","2015-12-26 10:09:58","2016-06-19 02:15:15",12,38),("vulputate, nisi","convallis, ante lectus","2016-03-15 14:43:10","2016-11-20 20:44:25",100,27),("ut odio","feugiat metus sit amet","2016-08-12 17:31:04","2015-04-11 14:54:22",53,27),("ac nulla.","mus. Aenean eget","2016-10-09 17:06:29","2017-02-20 04:54:03",97,7),("quis turpis","urna. Ut tincidunt vehicula","2015-05-31 09:57:42","2016-07-11 18:51:19",90,21),("ut dolor","augue. Sed molestie. Sed id risus quis diam luctus","2015-11-26 02:42:02","2017-02-03 23:31:57",36,60),("odio semper","eu, ligula. Aenean euismod mauris eu elit.","2016-06-18 16:04:25","2016-07-22 16:13:47",6,69),("feugiat non,","orci,","2015-10-07 03:11:14","2015-07-24 22:23:51",84,51),("risus odio,","Praesent eu dui.","2015-11-22 01:41:04","2016-08-11 15:45:51",14,95),("ligula. Nullam","nunc sed pede. Cum","2016-02-01 03:38:36","2015-11-03 22:32:33",67,66),("nec, leo.","non, feugiat","2015-11-10 18:34:33","2015-12-19 17:46:04",33,86),("et, rutrum","et pede. Nunc sed orci lobortis augue scelerisque mollis.","2015-05-27 21:27:48","2016-09-06 08:34:08",77,53),("rhoncus. Proin","mi enim, condimentum eget,","2015-04-20 01:33:25","2016-06-24 19:41:05",60,1),("eu, odio.","erat volutpat.","2015-08-19 21:39:59","2016-11-22 00:08:20",43,61),("nec, imperdiet","eget laoreet posuere, enim nisl elementum purus, accumsan","2017-02-09 20:41:49","2016-08-27 07:23:50",46,56),("rhoncus. Donec","natoque penatibus et magnis","2016-07-16 07:27:55","2016-11-05 17:40:16",82,63),("aliquet odio.","a","2016-09-22 10:41:22","2015-12-26 15:41:29",64,58),("Morbi non","magna. Praesent interdum ligula eu enim. Etiam imperdiet","2016-06-15 11:52:21","2015-10-09 19:26:32",77,79),("ullamcorper eu,","tristique pharetra. Quisque ac","2015-06-30 04:08:50","2015-07-22 10:02:41",82,45),("tellus non","nunc.","2016-08-31 12:19:41","2015-08-20 09:20:17",88,11),("gravida sagittis.","faucibus lectus, a sollicitudin orci","2016-08-11 09:29:41","2016-10-31 07:37:37",63,41),("vitae purus","eu neque pellentesque massa","2015-09-23 22:14:48","2016-09-17 20:56:11",59,47),("libero lacus,","lacinia. Sed congue, elit sed consequat","2015-09-26 04:27:49","2016-05-29 13:58:48",82,43),("sapien molestie","pellentesque,","2015-05-10 17:21:16","2015-10-08 21:35:04",73,17),("et, eros.","ridiculus","2015-06-22 11:10:42","2015-06-22 20:14:20",31,10),("metus. In","euismod est","2016-07-29 11:43:24","2015-04-17 20:14:58",73,67),("suscipit, est","libero mauris, aliquam","2015-04-01 08:39:37","2016-11-18 01:34:33",80,34),("non, feugiat","diam. Proin dolor. Nulla semper","2015-05-04 16:21:03","2016-08-01 15:19:24",40,72),("Pellentesque ultricies","nunc interdum feugiat. Sed nec metus","2016-05-14 02:57:02","2016-01-15 19:30:07",19,82),("tempor bibendum.","tristique ac, eleifend vitae, erat. Vivamus nisi.","2015-12-18 22:43:54","2015-11-08 07:07:33",52,58),("neque et","non justo. Proin","2015-09-30 05:21:12","2016-11-08 08:33:57",39,23),("non, dapibus","Mauris eu turpis. Nulla aliquet. Proin","2016-12-30 06:49:10","2015-03-24 21:23:53",27,52),("arcu. Vivamus","habitant morbi tristique senectus et netus et malesuada fames","2015-12-19 19:42:44","2017-01-17 07:43:58",36,50),("arcu vel","ante.","2016-05-07 18:25:58","2016-03-24 21:49:05",26,25),("sit amet","Quisque","2016-04-15 19:26:15","2015-11-23 10:51:17",5,60),("a, enim.","lacinia mattis. Integer eu lacus. Quisque imperdiet, erat nonummy ultricies","2016-12-19 04:31:20","2016-01-02 14:56:33",77,46),("sagittis lobortis","viverra. Maecenas iaculis","2015-07-03 09:01:56","2015-03-16 17:15:49",47,75),("vehicula aliquet","cursus vestibulum. Mauris magna. Duis dignissim tempor arcu. Vestibulum ut","2017-02-11 07:32:23","2016-06-25 09:39:15",51,31),("felis. Donec","metus.","2015-11-25 18:56:08","2016-03-27 02:09:29",6,18),("mauris eu","magnis dis parturient montes, nascetur ridiculus","2017-02-12 10:41:27","2016-10-04 04:16:59",87,40),("turpis egestas.","mauris ipsum porta","2016-05-07 15:58:15","2015-11-15 14:34:11",36,71),("Curabitur consequat,","sapien. Cras dolor dolor,","2016-09-04 02:37:31","2016-01-30 12:44:28",80,51),("convallis dolor.","netus et malesuada fames","2015-04-30 06:12:47","2015-07-05 17:49:09",31,5),("quis lectus.","Fusce","2016-06-25 18:32:58","2016-07-26 10:49:39",93,90),("lectus, a","congue a, aliquet","2016-02-28 05:47:47","2015-07-10 09:57:31",83,1),("Donec tempus,","massa lobortis ultrices.","2016-06-11 17:29:51","2016-03-13 10:56:11",64,49),("Pellentesque ut","mi lacinia mattis. Integer eu lacus. Quisque imperdiet,","2015-03-06 18:37:28","2016-08-04 12:49:29",87,48),("est, mollis","nonummy ac, feugiat non, lobortis","2016-09-01 00:24:39","2016-10-03 18:02:33",54,88),("quis, pede.","mi pede, nonummy ut, molestie in, tempus eu,","2016-12-03 02:30:37","2016-06-18 23:18:37",39,88),("ut, pharetra","montes, nascetur ridiculus mus. Donec","2015-07-17 16:05:02","2015-04-13 15:33:25",63,66),("Proin nisl","consequat, lectus sit amet luctus vulputate, nisi sem semper","2016-04-15 08:04:22","2015-08-18 23:03:55",4,41),("nec, malesuada","magnis dis parturient montes, nascetur ridiculus mus. Proin vel","2016-05-09 15:02:24","2016-04-09 22:07:48",29,21),("accumsan convallis,","cursus in, hendrerit consectetuer, cursus et, magna. Praesent","2015-10-02 01:31:48","2016-07-26 20:01:46",87,87),("dui, nec","magnis dis parturient montes, nascetur","2016-02-11 09:51:17","2015-06-22 09:33:18",8,14),("at augue","ipsum non arcu. Vivamus sit amet risus. Donec egestas.","2016-12-04 15:49:22","2016-10-23 17:52:54",28,56),("eget metus.","lorem, sit amet ultricies sem","2015-11-07 03:34:55","2015-03-03 02:49:51",63,62),("tortor, dictum","vestibulum massa rutrum magna.","2016-08-30 02:46:39","2017-01-18 03:39:29",7,95),("felis ullamcorper","dolor. Donec fringilla. Donec","2016-08-22 02:18:58","2015-08-04 16:18:01",30,59),("viverra. Donec","ligula. Aenean gravida nunc sed pede. Cum sociis","2016-08-23 08:41:47","2016-06-02 21:10:21",31,4),("montes, nascetur","per","2016-10-23 12:37:11","2016-04-17 16:32:06",32,9),("pede. Praesent","adipiscing fringilla, porttitor vulputate, posuere vulputate, lacus. Cras interdum. Nunc","2016-10-07 07:07:11","2015-08-04 22:12:01",6,85),("nec enim.","netus et malesuada fames ac turpis egestas. Fusce aliquet magna","2015-08-28 06:22:02","2016-03-18 05:41:01",19,57),("ligula. Aenean","ac","2016-10-08 18:24:59","2015-06-21 02:30:00",93,60),("vel arcu.","ut erat. Sed nunc est, mollis non, cursus non, egestas","2015-05-07 20:02:18","2015-11-13 15:13:46",36,7),("Vestibulum ut","risus. Quisque libero lacus, varius","2016-11-20 07:55:28","2016-11-29 11:56:57",3,36);